filename,x0,y0,sigma_x,sigma_y,theta,has_beam,category,split
normal/00795_normal.png,207.84772552188772,133.11830312406028,21.391298602862733,21.391298602862733,0.0,1,normal,train
normal/01468_normal.png,588.5533391706622,208.42220439705673,50.13437066473257,50.13437066473257,0.0,1,normal,train
normal/00478_normal.png,202.10704135535477,96.65952545425719,38.54916860382835,38.54916860382835,0.0,1,normal,train
normal/00807_normal.png,586.3118326154736,88.39708829615384,26.536233716794253,26.536233716794253,0.0,1,normal,train
tilted/01505_tilted.png,283.36110451917244,235.12699639023654,58.0838486535892,66.64110424274834,67.82483829712581,1,tilted,train
normal/01279_normal.png,425.3737966039354,434.0002947583918,28.280180789095727,28.280180789095727,0.0,1,normal,train
normal/01143_normal.png,64.85525934045337,304.2103548712282,41.15608946370712,41.15608946370712,0.0,1,normal,train
normal/01432_normal.png,70.48487588847144,341.27597715591537,38.835651051068446,38.835651051068446,0.0,1,normal,train
normal/00083_normal.png,155.92700570083133,143.27705585792478,52.64126975437206,52.64126975437206,0.0,1,normal,train
background/01956_background.png,320.0,240.0,15.0,15.0,0.0,0,background,train
noisy/01581_noisy.png,414.1509315139264,157.8403458325892,29.372793705666567,18.236702565080705,4.056974654403412,1,noisy,train
normal/01326_normal.png,347.5626466024926,423.85615645162807,47.65265343701573,47.65265343701573,0.0,1,normal,train
normal/01023_normal.png,157.6402093382038,62.42298353615975,51.616291818562104,51.616291818562104,0.0,1,normal,train
normal/00896_normal.png,108.84400409745689,314.89903563102354,23.210689349826055,23.210689349826055,0.0,1,normal,train
normal/00770_normal.png,300.4391070003488,130.95805447694482,36.43766250327222,36.43766250327222,0.0,1,normal,train
normal/01147_normal.png,560.0462236708304,137.82228904356452,46.88577002439529,46.88577002439529,0.0,1,normal,train
background/01834_background.png,320.0,240.0,15.0,15.0,0.0,0,background,train
background/01905_background.png,320.0,240.0,15.0,15.0,0.0,0,background,train
normal/01065_normal.png,278.6953424235631,206.2189244168525,26.718884220056697,26.718884220056697,0.0,1,normal,train
normal/01458_normal.png,234.1247748141039,269.31695051757356,20.30076369592488,20.30076369592488,0.0,1,normal,train
normal/00997_normal.png,380.84536074398625,112.50647584635308,16.632157567406995,16.632157567406995,0.0,1,normal,train
normal/00792_normal.png,198.2956408623874,217.97796628433002,39.82606191760819,39.82606191760819,0.0,1,normal,train
normal/00769_normal.png,74.64547890062894,160.69275311727893,29.657153486171882,29.657153486171882,0.0,1,normal,train
normal/01257_normal.png,223.63854066942525,202.67002226237915,28.706667299530693,28.706667299530693,0.0,1,normal,train
normal/00352_normal.png,219.08953703622893,65.66307358530736,40.335313150012155,40.335313150012155,0.0,1,normal,train
normal/00266_normal.png,207.36959701521792,413.9375291182387,38.33189434443734,38.33189434443734,0.0,1,normal,train
noisy/01682_noisy.png,193.11190341436367,396.4892080734969,54.73737672404355,54.73737672404355,3.453146362178437,1,noisy,train
normal/00042_normal.png,412.3679864257404,378.9946210531804,20.035328807956912,20.035328807956912,0.0,1,normal,train
normal/00528_normal.png,283.71262783404495,420.8302966744188,38.432720474608615,38.432720474608615,0.0,1,normal,train
normal/00097_normal.png,483.626305696434,124.44158366559202,24.014742636190494,24.014742636190494,0.0,1,normal,train
normal/01071_normal.png,550.8207263877247,61.2489530009055,53.46011914861184,53.46011914861184,0.0,1,normal,train
background/01867_background.png,320.0,240.0,15.0,15.0,0.0,0,background,train
normal/01013_normal.png,342.6128006287922,342.3201027868354,46.23688740620505,46.23688740620505,0.0,1,normal,train
normal/01411_normal.png,419.07698453449206,129.07978847928106,49.04576895674494,49.04576895674494,0.0,1,normal,train
tilted/01564_tilted.png,64.11544094541273,320.9481235873032,87.34575713988215,74.70477306171257,90.62738337375335,1,tilted,train
normal/00830_normal.png,269.03632017194286,377.24657934450784,23.767410947153994,23.767410947153994,0.0,1,normal,train
normal/00838_normal.png,293.7977979509323,242.29939486542614,34.822295373856775,34.822295373856775,0.0,1,normal,train
normal/01123_normal.png,303.45345349346735,257.6477876604354,32.882611953887825,32.882611953887825,0.0,1,normal,train
normal/00701_normal.png,286.5705691765553,67.63360783928803,25.59551570809891,25.59551570809891,0.0,1,normal,train
normal/00342_normal.png,304.55948082645955,120.81077752499502,19.733447708587278,19.733447708587278,0.0,1,normal,train
noisy/01672_noisy.png,448.7845846485223,232.55135355909414,21.28332216188297,16.0653264632382,-6.149687261905621,1,noisy,train
noisy/01796_noisy.png,494.79653030108744,279.1013669911372,53.83639831751821,68.59389255979042,12.569368145846774,1,noisy,train
normal/00802_normal.png,293.36736718595927,64.65351917534764,46.753671424665086,46.753671424665086,0.0,1,normal,train
normal/00827_normal.png,551.5501650640922,50.058290453125274,47.70515579514975,47.70515579514975,0.0,1,normal,train
normal/01293_normal.png,211.0047935503624,432.09561195524174,29.395065743244846,29.395065743244846,0.0,1,normal,train
noisy/01668_noisy.png,482.73551860018375,254.32628590664078,69.60524308319108,69.60524308319108,13.831291169878739,1,noisy,train
noisy/01619_noisy.png,138.32622141431105,383.6402660663902,20.655668283558466,20.655668283558466,-2.4388287621529585,1,noisy,train
noisy/01715_noisy.png,374.1145163766583,216.79870200385457,43.56607494448346,43.56607494448346,2.2878229742130536,1,noisy,train
noisy/01675_noisy.png,149.74071923639326,431.5573099753744,45.00077212956941,26.49396142307016,8.106538384228873,1,noisy,train
background/01892_background.png,320.0,240.0,15.0,15.0,0.0,0,background,train
normal/00137_normal.png,160.88190836092843,385.6200091436193,36.71149571512892,36.71149571512892,0.0,1,normal,train
normal/00215_normal.png,291.91138350082906,318.77739956270625,18.070361781275558,18.070361781275558,0.0,1,normal,train
normal/01160_normal.png,259.5788444410145,56.99738389740024,53.68612360748618,53.68612360748618,0.0,1,normal,train
normal/00027_normal.png,152.94335642766885,153.46259929095916,15.921409723881728,15.921409723881728,0.0,1,normal,train
normal/00276_normal.png,355.5529933443475,215.23060871873673,34.561204690676306,34.561204690676306,0.0,1,normal,train
noisy/01621_noisy.png,360.64705332266243,116.87226611344941,16.590634843325063,16.590634843325063,9.901596999045552,1,noisy,train
background/01925_background.png,320.0,240.0,15.0,15.0,0.0,0,background,train
background/01987_background.png,320.0,240.0,15.0,15.0,0.0,0,background,train
normal/01389_normal.png,497.6677446021983,380.05612678642217,22.339166999945725,22.339166999945725,0.0,1,normal,train
normal/00422_normal.png,249.0472567216867,352.2550429212859,42.40279546334847,42.40279546334847,0.0,1,normal,train
normal/00264_normal.png,390.79789353625154,193.5586916492393,15.520887764194837,15.520887764194837,0.0,1,normal,train
normal/00172_normal.png,105.59365594397863,52.97314152370221,19.881733081156796,19.881733081156796,0.0,1,normal,train
normal/00315_normal.png,398.8288129423255,55.09109870260299,43.38361211306601,43.38361211306601,0.0,1,normal,train
normal/00731_normal.png,156.28103120874897,355.94678295896045,24.863850708454684,24.863850708454684,0.0,1,normal,train
normal/00253_normal.png,89.68381219076656,285.715088827347,25.24018611990887,25.24018611990887,0.0,1,normal,train
normal/00964_normal.png,64.18204048019672,426.36098191435696,32.49289011406567,32.49289011406567,0.0,1,normal,train
normal/00399_normal.png,270.576538392384,304.9157045674452,52.86287595426738,52.86287595426738,0.0,1,normal,train
noisy/01797_noisy.png,217.21995267263128,162.59252177696044,28.306432039344976,28.306432039344976,9.662666458374286,1,noisy,train
normal/01231_normal.png,186.9646212849326,196.1401051912593,35.66774511450097,35.66774511450097,0.0,1,normal,train
normal/00251_normal.png,166.08823655167294,220.90274924999073,26.67733880167334,26.67733880167334,0.0,1,normal,train
normal/00354_normal.png,127.43069740146271,82.02904014849862,50.30901162414578,50.30901162414578,0.0,1,normal,train
background/01959_background.png,320.0,240.0,15.0,15.0,0.0,0,background,train
background/01885_background.png,320.0,240.0,15.0,15.0,0.0,0,background,train
normal/00874_normal.png,147.3294499879998,240.27624975024514,15.846176804494817,15.846176804494817,0.0,1,normal,train
noisy/01803_noisy.png,78.60801547259166,354.17735140682936,26.069450784272156,47.724198162988344,7.144759670595381,1,noisy,train
normal/01066_normal.png,592.8715181892109,439.7909346396393,21.283485440042234,21.283485440042234,0.0,1,normal,train
normal/01353_normal.png,280.67366457063474,207.97845303992332,22.780728996415586,22.780728996415586,0.0,1,normal,train
normal/01246_normal.png,49.29479088263059,172.67647953076658,18.982351042887476,18.982351042887476,0.0,1,normal,train
tilted/01523_tilted.png,393.49629718016246,246.9142301327832,80.92241465115299,57.56439869891971,78.22334295123945,1,tilted,train
normal/00855_normal.png,246.16090546912665,170.2788579014051,50.715046007097705,50.715046007097705,0.0,1,normal,train
background/01937_background.png,320.0,240.0,15.0,15.0,0.0,0,background,train
normal/00183_normal.png,553.3664728510723,58.32914034376398,35.76141676184918,35.76141676184918,0.0,1,normal,train
normal/00060_normal.png,187.1448898432615,324.8784192476386,23.818993231682008,23.818993231682008,0.0,1,normal,train
normal/00573_normal.png,63.4526545085951,232.48073994203025,47.5318964773467,47.5318964773467,0.0,1,normal,train
normal/00091_normal.png,251.42251986115758,391.6981864119995,41.55597809872353,41.55597809872353,0.0,1,normal,train
normal/00068_normal.png,182.04649115657267,256.85568639404727,17.68455325748583,17.68455325748583,0.0,1,normal,train
normal/00738_normal.png,179.60585502175616,47.28594782599261,20.123083247795797,20.123083247795797,0.0,1,normal,train
normal/00987_normal.png,517.6880154739829,377.3953356488395,53.43532675957727,53.43532675957727,0.0,1,normal,train
normal/00767_normal.png,383.0282797354972,58.69498362727442,49.171983480174134,49.171983480174134,0.0,1,normal,train
noisy/01749_noisy.png,51.561200335485005,334.8005717982413,57.89907943491264,57.89907943491264,3.6316921310278687,1,noisy,train
noisy/01812_noisy.png,141.96073318972972,361.83343335987905,29.567040303187426,58.0413076422993,6.2419179858722735,1,noisy,train
normal/01359_normal.png,550.3756049098739,131.31561896740726,31.43997463110024,31.43997463110024,0.0,1,normal,train
normal/01224_normal.png,66.04800086700259,402.18579175231326,24.57612696106098,24.57612696106098,0.0,1,normal,train
normal/00132_normal.png,239.22294491975327,123.38402464850164,20.859124694496874,20.859124694496874,0.0,1,normal,train
normal/01249_normal.png,213.9932301747213,294.0538958124291,53.04492559581875,53.04492559581875,0.0,1,normal,train
normal/01032_normal.png,465.50083906230867,285.72683846430596,40.24074767375673,40.24074767375673,0.0,1,normal,train
normal/00926_normal.png,410.9424984975716,398.8318203334269,28.81531446548857,28.81531446548857,0.0,1,normal,train
normal/01171_normal.png,291.4325785475611,182.76160960339163,31.60985774077674,31.60985774077674,0.0,1,normal,train
noisy/01684_noisy.png,449.15022201318806,363.932072162709,60.60444174337101,40.189536357423826,-13.465175802078408,1,noisy,train
normal/00122_normal.png,482.2293652219596,163.36801273709295,27.277018042398865,27.277018042398865,0.0,1,normal,train
noisy/01750_noisy.png,171.17775082075366,334.31536503460023,37.17824120894933,53.961592873200644,-4.502094893582898,1,noisy,train
normal/00527_normal.png,56.89804842315269,249.75919007939413,36.86147471183008,36.86147471183008,0.0,1,normal,train
noisy/01600_noisy.png,264.59660317085877,112.6355281689898,52.037463799032594,52.037463799032594,-2.743364601357257,1,noisy,train
normal/01114_normal.png,109.52509697887163,401.3815211725516,48.9355636827034,48.9355636827034,0.0,1,normal,train
normal/01001_normal.png,325.05852003269,357.5923937260272,19.07991428348583,19.07991428348583,0.0,1,normal,train
normal/00196_normal.png,282.01742563671246,303.8069532831603,45.1189904943769,45.1189904943769,0.0,1,normal,train
normal/01406_normal.png,200.56437694852008,140.48643735259418,40.87820653337235,40.87820653337235,0.0,1,normal,train
background/01914_background.png,320.0,240.0,15.0,15.0,0.0,0,background,train
normal/01331_normal.png,592.063458632357,269.4325332440227,46.72429715016483,46.72429715016483,0.0,1,normal,train
normal/00463_normal.png,237.80668696824344,207.81104866917497,25.88600167579917,25.88600167579917,0.0,1,normal,train
normal/01183_normal.png,530.4372939272955,80.89586267662595,35.059510422411606,35.059510422411606,0.0,1,normal,train
normal/00401_normal.png,112.68252349233508,66.92774121229715,45.3335584379131,45.3335584379131,0.0,1,normal,train
normal/01363_normal.png,322.2467368964432,127.25077402972002,28.564776895816685,28.564776895816685,0.0,1,normal,train
normal/00067_normal.png,467.26158381475665,88.67484217249313,21.268560611306707,21.268560611306707,0.0,1,normal,train
noisy/01677_noisy.png,521.9295978107356,42.7881643454911,65.69433520119999,65.69433520119999,-7.21777653602106,1,noisy,train
normal/00368_normal.png,537.4662995245485,300.1488062563086,20.87294239290936,20.87294239290936,0.0,1,normal,train
background/01942_background.png,320.0,240.0,15.0,15.0,0.0,0,background,train
normal/00069_normal.png,151.11749890731113,262.8393482716398,23.916719876159597,23.916719876159597,0.0,1,normal,train
normal/00819_normal.png,485.966130612016,70.56241188617581,27.758493969386944,27.758493969386944,0.0,1,normal,train
normal/01163_normal.png,305.90619009833574,215.7029172955659,19.66105373844958,19.66105373844958,0.0,1,normal,train
normal/01376_normal.png,300.4118234642374,224.72504644403676,22.23323906994215,22.23323906994215,0.0,1,normal,train
noisy/01580_noisy.png,230.00999250219974,148.36292589103573,28.97440596102527,45.99562416382648,-1.3828462145693372,1,noisy,train
normal/00591_normal.png,180.7198766838401,197.99666655642537,21.413623212082282,21.413623212082282,0.0,1,normal,train
normal/01031_normal.png,219.646586894257,394.8848355230034,51.3583112882648,51.3583112882648,0.0,1,normal,train
normal/00426_normal.png,290.7031148999155,49.622506031922605,48.105119291648826,48.105119291648826,0.0,1,normal,train
normal/01419_normal.png,563.764281026598,432.1671621670347,26.62444343620102,26.62444343620102,0.0,1,normal,train
normal/00708_normal.png,149.37996869143026,220.4181342053289,47.69437285124705,47.69437285124705,0.0,1,normal,train
normal/00759_normal.png,562.0834019148418,401.11863103498814,25.85356515033901,25.85356515033901,0.0,1,normal,train
background/01904_background.png,320.0,240.0,15.0,15.0,0.0,0,background,train
normal/00787_normal.png,244.189038170559,246.67408084426998,37.5177677274086,37.5177677274086,0.0,1,normal,train
normal/00187_normal.png,148.49111617892999,339.1235064009799,33.790412441924744,33.790412441924744,0.0,1,normal,train
normal/00547_normal.png,185.86509811524473,174.83288403581378,29.56929988047625,29.56929988047625,0.0,1,normal,train
noisy/01623_noisy.png,421.1726612932496,80.03420847749956,46.742308181538576,46.742308181538576,-1.8634803189997449,1,noisy,train
normal/00971_normal.png,101.36637391268363,383.62309034138525,43.26859665958223,43.26859665958223,0.0,1,normal,train
normal/01275_normal.png,281.3444452103529,181.93345233280357,21.374182138927498,21.374182138927498,0.0,1,normal,train
noisy/01634_noisy.png,133.69679531852523,221.84110590621492,33.27689874156944,33.27689874156944,-11.475606395267235,1,noisy,train
normal/01291_normal.png,462.28776190240796,113.54649010102672,15.031326732977556,15.031326732977556,0.0,1,normal,train
normal/01037_normal.png,97.72363526515636,157.4719347332055,34.67994560610705,34.67994560610705,0.0,1,normal,train
tilted/01545_tilted.png,111.45825436632914,324.99591752712314,73.41936907223698,61.27248349865699,117.16671185598108,1,tilted,train
background/01949_background.png,320.0,240.0,15.0,15.0,0.0,0,background,train
normal/01495_normal.png,52.56437904544785,319.55729528630013,30.435440657957113,30.435440657957113,0.0,1,normal,train
normal/00032_normal.png,447.0178747757042,78.74692562322525,18.43357894593831,18.43357894593831,0.0,1,normal,train
normal/01258_normal.png,539.4201298872609,402.53818552626603,17.848303453880074,17.848303453880074,0.0,1,normal,train
background/01832_background.png,320.0,240.0,15.0,15.0,0.0,0,background,train
background/01930_background.png,320.0,240.0,15.0,15.0,0.0,0,background,train
normal/00291_normal.png,424.1091271945991,64.09159832260647,18.746112612956622,18.746112612956622,0.0,1,normal,train
background/01879_background.png,320.0,240.0,15.0,15.0,0.0,0,background,train
normal/01239_normal.png,317.9323264895843,215.0527682753913,45.43873594171443,45.43873594171443,0.0,1,normal,train
normal/01479_normal.png,320.24780640038216,44.594889660880376,51.295908632228404,51.295908632228404,0.0,1,normal,train
normal/00297_normal.png,346.08298611358293,322.524691365767,18.135880281019787,18.135880281019787,0.0,1,normal,train
normal/01332_normal.png,398.0169008799106,428.52522698520494,49.924468154300456,49.924468154300456,0.0,1,normal,train
normal/01223_normal.png,258.87731677989245,248.2391926740262,42.90275352074769,42.90275352074769,0.0,1,normal,train
normal/00730_normal.png,202.7655563364624,97.90014494773325,16.212761690945317,16.212761690945317,0.0,1,normal,train
background/01931_background.png,320.0,240.0,15.0,15.0,0.0,0,background,train
normal/00652_normal.png,119.24037122182736,71.58432043181199,18.649632319677007,18.649632319677007,0.0,1,normal,train
normal/00518_normal.png,50.53857864807105,277.67459997765536,47.317278744401385,47.317278744401385,0.0,1,normal,train
normal/01100_normal.png,592.8267407597402,247.49330701938354,51.86699891518636,51.86699891518636,0.0,1,normal,train
tilted/01548_tilted.png,272.6522068248345,318.8605931897734,59.868709157992875,75.54761101023558,91.67851345672963,1,tilted,train
normal/01233_normal.png,333.51373092964633,100.62293237638329,15.38046457810457,15.38046457810457,0.0,1,normal,train
noisy/01625_noisy.png,84.15011320126884,425.7665445104313,51.91971039308465,51.91971039308465,-11.721411240509575,1,noisy,train
normal/01475_normal.png,161.37768235989034,182.18920909025604,39.1663067559831,39.1663067559831,0.0,1,normal,train
normal/00024_normal.png,520.914708579159,41.906305368789106,16.965973572293784,16.965973572293784,0.0,1,normal,train
normal/01175_normal.png,280.5399345327289,238.9504411138092,26.923357030041217,26.923357030041217,0.0,1,normal,train
normal/00535_normal.png,568.4007924685169,240.92410121434222,48.28816648005835,48.28816648005835,0.0,1,normal,train
noisy/01695_noisy.png,368.31457276339836,121.12532331206994,60.85149367879995,64.29218532305812,-2.8328638353681352,1,noisy,train
noisy/01802_noisy.png,453.2638591551107,151.86920081886225,47.83937574015092,26.41119277344631,4.587698095397009,1,noisy,train
noisy/01808_noisy.png,72.88716419324135,271.015730554136,47.73708823347113,47.73708823347113,11.987906733232684,1,noisy,train
background/01977_background.png,320.0,240.0,15.0,15.0,0.0,0,background,train
normal/01109_normal.png,197.10359011681575,412.38644158573027,24.252451884103913,24.252451884103913,0.0,1,normal,train
normal/00800_normal.png,353.505347183707,237.63287484682638,35.430441743293834,35.430441743293834,0.0,1,normal,train
tilted/01503_tilted.png,596.8532945309958,408.1500550684343,69.89732135955882,64.87669305228209,42.246172854202385,1,tilted,train
noisy/01658_noisy.png,460.0404758313274,347.3748785405378,20.81887430213988,34.7554760760997,-7.071556126060643,1,noisy,train
noisy/01627_noisy.png,533.9177888320528,136.33178385689894,41.254126357568595,41.254126357568595,-6.701140048409664,1,noisy,train
noisy/01688_noisy.png,533.2973846769813,57.62068579336766,43.44505000115,56.47812424214487,5.6682883071498225,1,noisy,train
noisy/01579_noisy.png,598.8393310765924,341.35282837116165,62.55721996977827,62.55721996977827,-10.17838739176628,1,noisy,train
normal/00156_normal.png,85.41970550762076,436.70677258693917,24.325196352697258,24.325196352697258,0.0,1,normal,train
normal/00545_normal.png,202.46775958555088,297.1565150956248,41.76579533841873,41.76579533841873,0.0,1,normal,train
tilted/01515_tilted.png,61.284260915675475,110.0424236409464,77.37022593236127,27.3942677482001,85.80564358134757,1,tilted,train
normal/00265_normal.png,253.27834971800934,188.86441822729398,18.701855914962422,18.701855914962422,0.0,1,normal,train
background/01883_background.png,320.0,240.0,15.0,15.0,0.0,0,background,train
normal/01207_normal.png,584.887225714866,221.16999696299615,17.39021776592073,17.39021776592073,0.0,1,normal,train
noisy/01651_noisy.png,98.43638862926056,373.500715053561,34.0333959659507,34.0333959659507,-14.200629316285125,1,noisy,train
normal/00955_normal.png,534.069340674947,368.98201322736054,24.20892770011602,24.20892770011602,0.0,1,normal,train
normal/01368_normal.png,158.46684039330808,102.20289596412005,44.35767180365987,44.35767180365987,0.0,1,normal,train
background/01910_background.png,320.0,240.0,15.0,15.0,0.0,0,background,train
normal/00304_normal.png,387.6014534602805,322.53751054979347,51.269627731687905,51.269627731687905,0.0,1,normal,train
normal/00182_normal.png,82.34036806302271,423.8539056130059,40.6109849883525,40.6109849883525,0.0,1,normal,train
normal/00288_normal.png,428.16058840730835,358.1902978444095,20.5371069382849,20.5371069382849,0.0,1,normal,train
normal/00358_normal.png,349.0264964481521,329.0921900661401,48.34082606546801,48.34082606546801,0.0,1,normal,train
normal/00199_normal.png,311.86835656624885,429.3760469273607,33.81558700990384,33.81558700990384,0.0,1,normal,train
normal/00461_normal.png,344.60514135405214,256.9917199208952,30.96787350511306,30.96787350511306,0.0,1,normal,train
normal/01063_normal.png,474.30250225557535,169.102704552583,37.87818933548302,37.87818933548302,0.0,1,normal,train
normal/00813_normal.png,500.52344670514896,176.88712626198344,39.88299135990191,39.88299135990191,0.0,1,normal,train
normal/00121_normal.png,164.34892385028152,431.28443656519414,47.89035406716101,47.89035406716101,0.0,1,normal,train
normal/01044_normal.png,471.8545971513415,298.4673243849566,42.30200727960083,42.30200727960083,0.0,1,normal,train
normal/00712_normal.png,344.594883036783,253.83194268946406,27.46498089062537,27.46498089062537,0.0,1,normal,train
background/01965_background.png,320.0,240.0,15.0,15.0,0.0,0,background,train
normal/00578_normal.png,60.51351758896351,355.39681315927635,45.938428598621655,45.938428598621655,0.0,1,normal,train
normal/00713_normal.png,510.25816084393324,421.0565761387277,44.533707181378155,44.533707181378155,0.0,1,normal,train
background/01966_background.png,320.0,240.0,15.0,15.0,0.0,0,background,train
normal/00361_normal.png,144.49030944919213,278.83593093899094,27.52851333565259,27.52851333565259,0.0,1,normal,train
normal/01286_normal.png,431.23207970397317,170.97638654027506,40.81787604623053,40.81787604623053,0.0,1,normal,train
normal/01170_normal.png,133.5900682824092,156.92436927682434,50.38871227334585,50.38871227334585,0.0,1,normal,train
normal/00908_normal.png,415.42341381319847,265.53044517553326,48.97178782397797,48.97178782397797,0.0,1,normal,train
normal/00458_normal.png,575.1166116536107,257.86690871879495,18.076070793114685,18.076070793114685,0.0,1,normal,train
normal/00098_normal.png,238.06914896013453,224.17000508598554,35.3594304062912,35.3594304062912,0.0,1,normal,train
normal/01434_normal.png,597.009711149381,214.37901004476433,24.57508011352783,24.57508011352783,0.0,1,normal,train
noisy/01638_noisy.png,432.4682321158016,274.06080421050666,67.86877353219296,67.86877353219296,7.148901768605718,1,noisy,train
normal/00736_normal.png,500.0798511624482,322.39187228474816,28.224107479724104,28.224107479724104,0.0,1,normal,train
tilted/01501_tilted.png,121.20425799863098,381.6507528827764,47.14057810245541,50.86309308682291,50.349286105740404,1,tilted,train
normal/01294_normal.png,109.31661651873185,90.15315508936169,37.727438170893706,37.727438170893706,0.0,1,normal,train
noisy/01736_noisy.png,301.48844084174317,139.4609512788569,35.62939375907255,39.37278974562679,9.561789234633757,1,noisy,train
normal/00842_normal.png,42.033052994296995,345.05165157681324,50.843204744749094,50.843204744749094,0.0,1,normal,train
normal/00344_normal.png,389.69856148954375,439.5194666220572,22.03673171762485,22.03673171762485,0.0,1,normal,train
normal/01341_normal.png,137.34835882191538,124.68094810593368,15.749618177695424,15.749618177695424,0.0,1,normal,train
background/01881_background.png,320.0,240.0,15.0,15.0,0.0,0,background,train
normal/00718_normal.png,578.5223069478568,52.174128137396956,28.71148796455921,28.71148796455921,0.0,1,normal,train
normal/01401_normal.png,514.2916899244233,212.20876340815715,18.20282935172807,18.20282935172807,0.0,1,normal,train
normal/00729_normal.png,184.10473109606824,355.80715742689944,33.16967011427293,33.16967011427293,0.0,1,normal,train
normal/00357_normal.png,330.11712535332117,235.31609019448686,32.204821934972884,32.204821934972884,0.0,1,normal,train
normal/00018_normal.png,533.8237898314832,142.58403174532145,23.189243662128497,23.189243662128497,0.0,1,normal,train
noisy/01656_noisy.png,460.48309686484356,289.7607872914894,28.849424003871945,28.849424003871945,-0.11110296549778553,1,noisy,train
normal/01392_normal.png,336.7460544876632,229.45083377815615,29.004421037102343,29.004421037102343,0.0,1,normal,train
noisy/01633_noisy.png,529.7947485114571,281.1249508250605,31.93758006852988,20.243450700978848,-8.038015895754171,1,noisy,train
normal/00671_normal.png,571.0047782129071,418.8961396926284,18.524099605530477,18.524099605530477,0.0,1,normal,train
normal/01303_normal.png,551.6253287322463,116.54478710167663,32.30840396144616,32.30840396144616,0.0,1,normal,train
normal/00666_normal.png,416.1582077782861,46.39789508638064,25.528171287048895,25.528171287048895,0.0,1,normal,train
normal/00630_normal.png,312.5504199687465,410.18360329963184,16.875889914028726,16.875889914028726,0.0,1,normal,train
normal/00751_normal.png,464.2233679344074,41.95464378250891,39.286383167729504,39.286383167729504,0.0,1,normal,train
normal/00274_normal.png,176.5003421611817,207.56965560655001,39.65766794768962,39.65766794768962,0.0,1,normal,train
normal/00636_normal.png,435.4353031890964,243.5069210113882,31.79512081244091,31.79512081244091,0.0,1,normal,train
normal/00017_normal.png,55.82865724789566,346.2577310146158,22.86571111936737,22.86571111936737,0.0,1,normal,train
tilted/01559_tilted.png,428.6617910616757,264.0344712754103,60.249240609909,49.0739520753046,70.63755256026377,1,tilted,train
normal/00486_normal.png,187.02810727156063,275.7912177621732,38.34344804595763,38.34344804595763,0.0,1,normal,train
normal/01315_normal.png,403.81188701139683,437.49206813328766,52.00413347237247,52.00413347237247,0.0,1,normal,train
normal/00252_normal.png,368.8449431968801,399.1188408174587,29.002664872469552,29.002664872469552,0.0,1,normal,train
noisy/01616_noisy.png,434.07346046545285,212.85453557966258,19.09518435513096,19.09518435513096,-1.2535790812182217,1,noisy,train
normal/00993_normal.png,73.21080375264674,422.89553756339734,42.789528151496704,42.789528151496704,0.0,1,normal,train
normal/00363_normal.png,454.36708883443225,41.107431854397014,48.36661147795472,48.36661147795472,0.0,1,normal,train
normal/00872_normal.png,350.5670559551636,169.064438739261,44.13563617572407,44.13563617572407,0.0,1,normal,train
normal/01028_normal.png,296.66715784120936,334.5872762223411,29.1663513714087,29.1663513714087,0.0,1,normal,train
normal/01356_normal.png,227.019384678966,422.6194859479022,48.02242869250073,48.02242869250073,0.0,1,normal,train
normal/00225_normal.png,74.22445661830956,320.37560344093026,42.959759722819804,42.959759722819804,0.0,1,normal,train
background/01944_background.png,320.0,240.0,15.0,15.0,0.0,0,background,train
normal/00782_normal.png,470.2029398057615,364.5865360981838,47.34202408825176,47.34202408825176,0.0,1,normal,train
normal/00982_normal.png,506.5988489648706,176.782359811488,38.575224047416405,38.575224047416405,0.0,1,normal,train
normal/00296_normal.png,596.0476331517518,254.4593973170295,23.991599391621,23.991599391621,0.0,1,normal,train
normal/01203_normal.png,185.76898092259063,166.08559487925763,36.29103661201195,36.29103661201195,0.0,1,normal,train
background/01831_background.png,320.0,240.0,15.0,15.0,0.0,0,background,train
normal/00809_normal.png,477.71427636108007,261.6237833214265,52.10814122496525,52.10814122496525,0.0,1,normal,train
normal/00595_normal.png,260.5256154760321,381.43958333365237,17.541710941721746,17.541710941721746,0.0,1,normal,train
tilted/01538_tilted.png,197.2084257288731,55.97156353761156,78.42287096604298,52.15905407348238,21.511008775158427,1,tilted,train
tilted/01536_tilted.png,271.19253625821347,390.34191097942045,25.174900832683388,48.32053306474324,106.53240199283859,1,tilted,train
normal/00197_normal.png,537.2441430673684,182.46355045029082,47.38975269956486,47.38975269956486,0.0,1,normal,train
normal/00537_normal.png,158.98833691530461,74.20823900973588,20.81505558910886,20.81505558910886,0.0,1,normal,train
normal/00914_normal.png,314.2170160618321,317.51925915414273,37.6265270178459,37.6265270178459,0.0,1,normal,train
normal/01430_normal.png,337.3032133829485,400.94571391339804,40.711750454813554,40.711750454813554,0.0,1,normal,train
background/01969_background.png,320.0,240.0,15.0,15.0,0.0,0,background,train
background/01939_background.png,320.0,240.0,15.0,15.0,0.0,0,background,train
normal/01132_normal.png,329.1050065890285,131.02449176127112,26.963172744650123,26.963172744650123,0.0,1,normal,train
normal/01395_normal.png,168.2089315851363,131.88016452455906,30.859947410051497,30.859947410051497,0.0,1,normal,train
normal/00074_normal.png,557.4892882700769,98.17609997098496,23.588932695172424,23.588932695172424,0.0,1,normal,train
normal/00888_normal.png,385.9587938396933,399.86155320039006,36.05976356970366,36.05976356970366,0.0,1,normal,train
noisy/01659_noisy.png,454.9702909500951,297.84351286102634,46.33469523996461,46.33469523996461,-11.479054452238906,1,noisy,train
normal/01474_normal.png,210.1881474769815,99.2342851335427,18.2448973548914,18.2448973548914,0.0,1,normal,train
normal/01477_normal.png,151.58927477023127,392.5170590815013,45.00892482431692,45.00892482431692,0.0,1,normal,train
normal/01425_normal.png,444.87613605409604,144.32905162210116,38.70610688450026,38.70610688450026,0.0,1,normal,train
normal/00594_normal.png,202.42309441190025,254.30659451706205,21.06718341783069,21.06718341783069,0.0,1,normal,train
normal/00793_normal.png,350.2615778628962,372.06632103196966,25.672922654458144,25.672922654458144,0.0,1,normal,train
background/01853_background.png,320.0,240.0,15.0,15.0,0.0,0,background,train
normal/01417_normal.png,550.5140389794545,332.1863225319263,50.00230508955121,50.00230508955121,0.0,1,normal,train
normal/00773_normal.png,479.8609897982446,175.660190606205,38.44373213645336,38.44373213645336,0.0,1,normal,train
normal/00086_normal.png,207.31443536179577,195.5132966704472,33.72058016599136,33.72058016599136,0.0,1,normal,train
normal/01162_normal.png,358.22275840638014,92.74147925387132,35.53076288909841,35.53076288909841,0.0,1,normal,train
normal/00113_normal.png,236.74996724268607,437.08319571675975,18.83763757707932,18.83763757707932,0.0,1,normal,train
normal/00427_normal.png,214.78112134136722,208.389313331503,40.57153848824723,40.57153848824723,0.0,1,normal,train
normal/00385_normal.png,361.9041328502984,376.2252026637084,51.246217255623755,51.246217255623755,0.0,1,normal,train
normal/00396_normal.png,100.14424757367276,102.81867137462211,37.363606944756356,37.363606944756356,0.0,1,normal,train
normal/00656_normal.png,503.70314127356517,40.775886195278645,25.15124115439705,25.15124115439705,0.0,1,normal,train
normal/01374_normal.png,430.3734635065316,322.0569832031639,21.417801945832196,21.417801945832196,0.0,1,normal,train
normal/01333_normal.png,343.95457857121835,404.19066750092816,28.8475737885598,28.8475737885598,0.0,1,normal,train
normal/00409_normal.png,357.03968341770934,82.55689897899617,47.579913291577974,47.579913291577974,0.0,1,normal,train
normal/00879_normal.png,484.6245349859953,144.10427769127688,28.28235654458608,28.28235654458608,0.0,1,normal,train
background/01975_background.png,320.0,240.0,15.0,15.0,0.0,0,background,train
normal/01480_normal.png,258.5219268929692,342.3029813865233,30.27613202300998,30.27613202300998,0.0,1,normal,train
normal/00045_normal.png,222.62095228447214,217.3349810891641,26.70687973188776,26.70687973188776,0.0,1,normal,train
normal/01447_normal.png,84.62221616388598,150.24773290649551,30.113043062481967,30.113043062481967,0.0,1,normal,train
normal/01343_normal.png,512.0321581288893,337.86881205879865,20.391604742594456,20.391604742594456,0.0,1,normal,train
normal/00087_normal.png,323.4089900737396,267.703576822031,35.327016414608295,35.327016414608295,0.0,1,normal,train
normal/01464_normal.png,389.95558014690687,417.16045313535517,33.008988388236155,33.008988388236155,0.0,1,normal,train
normal/00010_normal.png,288.7464475471693,106.1874285296705,35.23546345817665,35.23546345817665,0.0,1,normal,train
normal/01489_normal.png,84.25935971672409,106.27271935417514,24.055230534498385,24.055230534498385,0.0,1,normal,train
normal/00428_normal.png,585.3677493093536,387.84924105383703,16.573263773560846,16.573263773560846,0.0,1,normal,train
normal/01306_normal.png,238.20667243988578,64.51349503569129,33.89617782315802,33.89617782315802,0.0,1,normal,train
normal/00213_normal.png,381.1434493831909,275.9153560469139,42.27086141166615,42.27086141166615,0.0,1,normal,train
normal/00207_normal.png,548.9054571796191,105.9048025802735,47.77492343289892,47.77492343289892,0.0,1,normal,train
normal/00876_normal.png,233.3639471119018,299.6658255283423,32.013071580600744,32.013071580600744,0.0,1,normal,train
normal/00402_normal.png,425.8174201258544,63.976931921245104,17.539641829713783,17.539641829713783,0.0,1,normal,train
normal/01021_normal.png,103.12885332730687,284.51031413922016,19.513204349205537,19.513204349205537,0.0,1,normal,train
normal/01061_normal.png,354.63637829409214,391.78282441734876,26.42298366988711,26.42298366988711,0.0,1,normal,train
normal/01214_normal.png,148.44152170651913,81.65648486757175,19.94678902818128,19.94678902818128,0.0,1,normal,train
normal/01386_normal.png,122.59989015075932,257.50840727467596,20.156323186913074,20.156323186913074,0.0,1,normal,train
noisy/01640_noisy.png,146.54024809265997,355.73951753577825,28.83412281574541,28.83412281574541,-10.797504526233414,1,noisy,train
noisy/01666_noisy.png,235.51232486940089,379.551710322321,50.277419471006475,50.277419471006475,1.8210256347329157,1,noisy,train
normal/00560_normal.png,77.70116198539058,329.7279083024706,42.03909935532525,42.03909935532525,0.0,1,normal,train
background/01950_background.png,320.0,240.0,15.0,15.0,0.0,0,background,train
normal/01487_normal.png,452.0855257731034,311.8024586348243,40.47039227495129,40.47039227495129,0.0,1,normal,train
normal/00586_normal.png,199.74949015492328,142.55176469415295,18.96725867771548,18.96725867771548,0.0,1,normal,train
normal/00580_normal.png,260.0251393762794,343.3400577269634,26.156656768747386,26.156656768747386,0.0,1,normal,train
normal/00544_normal.png,379.9035051990333,165.40607605811437,45.751695010660896,45.751695010660896,0.0,1,normal,train
noisy/01645_noisy.png,392.21861259861714,392.99700146619966,35.05109305097794,47.683415386700844,-7.25244533055923,1,noisy,train
normal/01002_normal.png,378.2705498939711,203.85036872361349,27.611250917539422,27.611250917539422,0.0,1,normal,train
normal/00815_normal.png,458.33835717576017,428.5233971064964,23.856506570020297,23.856506570020297,0.0,1,normal,train
normal/00439_normal.png,579.4143897489752,298.98041141314184,32.172738974037934,32.172738974037934,0.0,1,normal,train
normal/00089_normal.png,283.02508956895133,104.15635988126449,22.434800895528028,22.434800895528028,0.0,1,normal,train
normal/00349_normal.png,471.27431212803947,275.69172886225067,50.091576264436796,50.091576264436796,0.0,1,normal,train
normal/00254_normal.png,260.7271998058856,50.98769775774153,23.547710472170557,23.547710472170557,0.0,1,normal,train
normal/01455_normal.png,432.18983538354166,165.01256889130738,47.09547954725825,47.09547954725825,0.0,1,normal,train
normal/01137_normal.png,522.29040000943,303.22685408765534,23.514867890921717,23.514867890921717,0.0,1,normal,train
normal/01216_normal.png,165.2913390749568,48.179377701911065,29.445703015727975,29.445703015727975,0.0,1,normal,train
normal/00763_normal.png,546.6572150833048,330.6643421144158,40.442621525300325,40.442621525300325,0.0,1,normal,train
normal/00575_normal.png,580.2962679541848,389.93303341472205,49.54143018363131,49.54143018363131,0.0,1,normal,train
normal/00757_normal.png,131.93608185673867,104.41057606644777,15.10021974760892,15.10021974760892,0.0,1,normal,train
background/01996_background.png,320.0,240.0,15.0,15.0,0.0,0,background,train
normal/01492_normal.png,587.5350004065795,401.57755400582937,44.95769894714351,44.95769894714351,0.0,1,normal,train
tilted/01511_tilted.png,410.3341048751982,312.4544699831637,50.90638228268193,47.09318293931892,139.0356964560345,1,tilted,train
normal/00382_normal.png,299.2770243006474,319.0531870090257,16.972387763687372,16.972387763687372,0.0,1,normal,train
normal/01082_normal.png,281.5895147573076,314.65509628923184,16.394755756492152,16.394755756492152,0.0,1,normal,train
normal/00695_normal.png,255.45424314033542,67.5249943248689,35.86152104099919,35.86152104099919,0.0,1,normal,train
background/01835_background.png,320.0,240.0,15.0,15.0,0.0,0,background,train
noisy/01743_noisy.png,72.8198113133881,180.12164128186782,45.640053211848254,45.640053211848254,9.180865747015925,1,noisy,train
background/01926_background.png,320.0,240.0,15.0,15.0,0.0,0,background,train
normal/01256_normal.png,369.5084119298768,65.466388417574,27.221167238966558,27.221167238966558,0.0,1,normal,train
normal/00269_normal.png,449.7238373530008,403.92579842979535,39.94388631404598,39.94388631404598,0.0,1,normal,train
normal/00626_normal.png,142.24938029392644,218.4556291191206,51.489344772679615,51.489344772679615,0.0,1,normal,train
normal/01484_normal.png,571.9442865494666,382.8101247707351,37.1657363666649,37.1657363666649,0.0,1,normal,train
normal/01124_normal.png,531.7873926810302,120.5615693726649,41.543364861202846,41.543364861202846,0.0,1,normal,train
normal/01427_normal.png,408.78538358142043,310.6131160110712,21.719316237816333,21.719316237816333,0.0,1,normal,train
noisy/01716_noisy.png,283.37971297963776,367.9197501470123,33.61858579522581,52.24988263169268,-2.226742688055314,1,noisy,train
normal/00176_normal.png,169.88070470219589,120.40200889312689,34.3527278188226,34.3527278188226,0.0,1,normal,train
normal/01297_normal.png,43.477071517612664,366.2201194350582,36.6446503631202,36.6446503631202,0.0,1,normal,train
noisy/01748_noisy.png,84.12989109797562,159.62267066686007,66.83461274189384,28.108848855627837,6.2605498285343515,1,noisy,train
normal/00525_normal.png,534.2114782254312,104.32695854093518,49.70229296739145,49.70229296739145,0.0,1,normal,train
noisy/01681_noisy.png,479.384321348313,404.5435097162746,57.97554815293546,57.97554815293546,-5.666169454223615,1,noisy,train
normal/00523_normal.png,505.3828090563849,296.16789599464965,30.983671958101485,30.983671958101485,0.0,1,normal,train
background/01891_background.png,320.0,240.0,15.0,15.0,0.0,0,background,train
normal/01057_normal.png,229.40348670877353,217.37969040929454,45.231813687681715,45.231813687681715,0.0,1,normal,train
background/01855_background.png,320.0,240.0,15.0,15.0,0.0,0,background,train
noisy/01742_noisy.png,361.83583178753094,361.84682507919536,63.65855668607133,63.65855668607133,0.528977365651027,1,noisy,train
normal/01388_normal.png,488.97266725258265,107.46599365285633,28.507150376396808,28.507150376396808,0.0,1,normal,train
normal/00854_normal.png,203.28912674383918,91.27390785265021,34.33263332608694,34.33263332608694,0.0,1,normal,train
normal/00387_normal.png,463.80943636590786,227.85583543685536,33.06716461610895,33.06716461610895,0.0,1,normal,train
normal/00977_normal.png,212.53326850266512,57.40458684661781,44.51476326047214,44.51476326047214,0.0,1,normal,train
normal/00953_normal.png,490.871269337265,415.6907457291912,47.62851023023016,47.62851023023016,0.0,1,normal,train
noisy/01781_noisy.png,64.63132502532508,326.87283516265666,41.037792208043555,41.037792208043555,-7.841713209737864,1,noisy,train
normal/00655_normal.png,402.214624618185,210.18879288196666,41.54776844247988,41.54776844247988,0.0,1,normal,train
normal/01424_normal.png,230.00244991195117,195.91131343287495,43.39255291133533,43.39255291133533,0.0,1,normal,train
background/01952_background.png,320.0,240.0,15.0,15.0,0.0,0,background,train
noisy/01628_noisy.png,103.95496263164618,337.3090860709478,17.254618947319344,25.5612384683917,-13.76011302794257,1,noisy,train
background/01979_background.png,320.0,240.0,15.0,15.0,0.0,0,background,train
noisy/01694_noisy.png,184.53265006926156,267.8213602046898,29.487172953176923,29.487172953176923,-9.087862556660422,1,noisy,train
normal/00290_normal.png,393.5977157635664,427.3490533956299,42.56536831021245,42.56536831021245,0.0,1,normal,train
normal/00662_normal.png,467.4999871906743,195.26693605117603,21.9875693482085,21.9875693482085,0.0,1,normal,train
background/01901_background.png,320.0,240.0,15.0,15.0,0.0,0,background,train
tilted/01510_tilted.png,462.19244639595837,150.61163587818731,46.676968927071066,73.11915739371857,64.67565194457896,1,tilted,train
normal/00721_normal.png,575.3685825907535,68.47040677069108,44.59546112087865,44.59546112087865,0.0,1,normal,train
normal/00723_normal.png,220.88989226191345,305.9939500221716,15.279042627660907,15.279042627660907,0.0,1,normal,train
normal/00960_normal.png,511.9101727459231,425.7110524976693,21.173428743786246,21.173428743786246,0.0,1,normal,train
normal/00214_normal.png,563.4915491322646,104.26668016070084,31.58020980158259,31.58020980158259,0.0,1,normal,train
tilted/01544_tilted.png,76.1091181070612,132.7615776112923,56.75607094686419,25.38226491305689,84.11603979575952,1,tilted,train
normal/01174_normal.png,469.3209821846336,272.5234140258891,20.23641676078659,20.23641676078659,0.0,1,normal,train
normal/00522_normal.png,289.32670485581025,436.33400708941207,40.07426799025043,40.07426799025043,0.0,1,normal,train
normal/00477_normal.png,452.4111117862043,127.77673040548812,37.38536561397119,37.38536561397119,0.0,1,normal,train
noisy/01795_noisy.png,164.6145013628742,280.5572895103917,25.60681257588756,25.60681257588756,2.9677686470397973,1,noisy,train
normal/01410_normal.png,44.10209465345936,79.66817683709763,28.893351940147845,28.893351940147845,0.0,1,normal,train
background/01858_background.png,320.0,240.0,15.0,15.0,0.0,0,background,train
normal/01119_normal.png,140.0015341688792,336.4012504053492,23.069460608423633,23.069460608423633,0.0,1,normal,train
background/01861_background.png,320.0,240.0,15.0,15.0,0.0,0,background,train
normal/00400_normal.png,445.5823652078378,210.69293966191316,51.63106151822182,51.63106151822182,0.0,1,normal,train
normal/01115_normal.png,409.8524030405871,265.79386462196305,27.628859984387944,27.628859984387944,0.0,1,normal,train
noisy/01674_noisy.png,409.0196732677585,153.75627780398116,16.528536575768236,16.528536575768236,-0.4161313865159677,1,noisy,train
noisy/01618_noisy.png,536.2002776753468,260.5242405528255,63.733915915110074,34.122643900110845,-12.084022227917941,1,noisy,train
normal/01405_normal.png,97.43656143808039,308.66311117215406,53.27833172991771,53.27833172991771,0.0,1,normal,train
normal/00920_normal.png,449.1469808850754,261.97650710521674,34.219013619192765,34.219013619192765,0.0,1,normal,train
noisy/01620_noisy.png,210.65029220616157,317.9253863245533,39.946553666096634,39.946553666096634,7.30215099604473,1,noisy,train
tilted/01504_tilted.png,158.51518339796493,325.5976179063303,71.32591133680214,56.39916326068974,72.001311027149,1,tilted,train
normal/00610_normal.png,375.5259948435186,416.31168756305857,50.83526685207178,50.83526685207178,0.0,1,normal,train
normal/00839_normal.png,504.9839980970388,319.38767564652244,17.933280058273876,17.933280058273876,0.0,1,normal,train
normal/00744_normal.png,61.45466131243993,320.90422437160584,53.02093875217142,53.02093875217142,0.0,1,normal,train
normal/01352_normal.png,221.14269768216403,293.3511179754319,26.33465167397579,26.33465167397579,0.0,1,normal,train
normal/00136_normal.png,596.303086532115,131.0360400452422,53.53507407789069,53.53507407789069,0.0,1,normal,train
tilted/01514_tilted.png,216.13095001409985,418.2820719052661,45.12747969026656,73.62084995096782,61.078264842576914,1,tilted,train
normal/00414_normal.png,528.2317573681987,265.26993538996203,46.57799570454031,46.57799570454031,0.0,1,normal,train
normal/00937_normal.png,315.8395553285001,93.18134607323866,32.62554452744649,32.62554452744649,0.0,1,normal,train
background/01961_background.png,320.0,240.0,15.0,15.0,0.0,0,background,train
background/01851_background.png,320.0,240.0,15.0,15.0,0.0,0,background,train
normal/01016_normal.png,508.6102258189937,285.1304559915672,20.731309930771168,20.731309930771168,0.0,1,normal,train
normal/00345_normal.png,577.3946902466942,104.81415406988944,15.036045847022033,15.036045847022033,0.0,1,normal,train
noisy/01755_noisy.png,541.7201412927685,171.50852602235275,70.51857683170607,70.51857683170607,-2.339334667386302,1,noisy,train
normal/01108_normal.png,40.70204529773967,71.62945123932657,33.15191652873007,33.15191652873007,0.0,1,normal,train
normal/00805_normal.png,563.9643501405009,184.2448706556592,16.765187763439428,16.765187763439428,0.0,1,normal,train
tilted/01519_tilted.png,70.97274713834783,415.0734735799588,48.220725412521624,89.32292166568797,97.95626146951635,1,tilted,train
tilted/01528_tilted.png,402.8027469331112,250.66356865869415,83.52647711564542,60.57324064802219,23.794125428835144,1,tilted,train
normal/00115_normal.png,289.0626283890398,336.06087742154915,35.74696307059983,35.74696307059983,0.0,1,normal,train
normal/01222_normal.png,528.7855281691905,179.08749612136893,32.391588723712104,32.391588723712104,0.0,1,normal,train
normal/01454_normal.png,271.1195559894901,61.06245308238468,23.081386429322926,23.081386429322926,0.0,1,normal,train
tilted/01566_tilted.png,428.1712603386443,131.34899843659903,29.80673887021397,59.63598811774251,74.09182656520498,1,tilted,train
normal/00935_normal.png,361.25736097193743,173.26073944305432,18.614751045893478,18.614751045893478,0.0,1,normal,train
normal/00188_normal.png,90.23900510281575,108.09915839351066,23.816102312626622,23.816102312626622,0.0,1,normal,train
normal/01277_normal.png,118.26596928500133,222.63574776670345,48.145674616823776,48.145674616823776,0.0,1,normal,train
normal/01172_normal.png,41.16902164526502,291.4017184915285,44.068188558496686,44.068188558496686,0.0,1,normal,train
normal/00898_normal.png,276.2665145834583,42.176983388651934,15.69176135373933,15.69176135373933,0.0,1,normal,train
background/01874_background.png,320.0,240.0,15.0,15.0,0.0,0,background,train
normal/00983_normal.png,572.3922339153764,331.3924576100248,40.095251329970175,40.095251329970175,0.0,1,normal,train
background/01915_background.png,320.0,240.0,15.0,15.0,0.0,0,background,train
normal/01451_normal.png,43.33442975196586,368.48248188805576,48.74601441779799,48.74601441779799,0.0,1,normal,train
normal/00108_normal.png,288.3475722505084,125.00436642834627,49.76623894500111,49.76623894500111,0.0,1,normal,train
normal/01081_normal.png,119.19437997714286,399.31782065376575,23.200538521071756,23.200538521071756,0.0,1,normal,train
normal/01030_normal.png,526.6197682300981,86.96879064756189,44.73436831521671,44.73436831521671,0.0,1,normal,train
normal/01227_normal.png,286.1914020767385,185.9340745501479,53.418995331133154,53.418995331133154,0.0,1,normal,train
normal/00180_normal.png,246.25455819119688,187.10962989176943,15.750073204114294,15.750073204114294,0.0,1,normal,train
normal/00159_normal.png,43.925697571240924,156.9268797609858,18.746303906359472,18.746303906359472,0.0,1,normal,train
normal/00307_normal.png,420.9895428619528,78.79624856585262,18.742414880046695,18.742414880046695,0.0,1,normal,train
normal/01418_normal.png,53.58376474994854,394.42265938067965,35.553973290055566,35.553973290055566,0.0,1,normal,train
noisy/01787_noisy.png,52.071473565963124,235.80875511663587,30.829054563722533,30.829054563722533,-8.340139293146505,1,noisy,train
normal/01026_normal.png,278.80023024398383,201.44850018613872,19.731604643500223,19.731604643500223,0.0,1,normal,train
normal/01164_normal.png,152.6214453581002,404.11944310242205,48.17243541875495,48.17243541875495,0.0,1,normal,train
normal/00384_normal.png,48.44982217296785,197.68374585561884,24.299310350361026,24.299310350361026,0.0,1,normal,train
normal/01443_normal.png,82.70000501577213,220.98226807051597,39.51593248557734,39.51593248557734,0.0,1,normal,train
normal/00181_normal.png,227.43505946118228,301.5095896841067,27.312845793107766,27.312845793107766,0.0,1,normal,train
normal/00901_normal.png,477.2339005760399,43.13479313319567,53.65762227230094,53.65762227230094,0.0,1,normal,train
noisy/01587_noisy.png,505.6835675596041,365.8588431912274,58.80909955215175,54.42745945998847,12.702557494860425,1,noisy,train
normal/01193_normal.png,538.2782925285275,153.07457898325106,46.88488822949361,46.88488822949361,0.0,1,normal,train
normal/00894_normal.png,227.14390039318565,183.1301209947709,48.46204388228213,48.46204388228213,0.0,1,normal,train
normal/01009_normal.png,42.33703600197386,121.09842793850635,46.94807575304383,46.94807575304383,0.0,1,normal,train
noisy/01660_noisy.png,423.16907127416493,193.2854537565858,60.4246656320419,71.00416217947,-14.389586803070411,1,noisy,train
normal/00734_normal.png,533.6655367152499,413.7814491375287,22.79683209962344,22.79683209962344,0.0,1,normal,train
noisy/01647_noisy.png,238.42207917968295,425.48499618898455,33.86890400775275,16.75466450093243,8.586310264215616,1,noisy,train
normal/01154_normal.png,487.0930597583173,224.37718155637205,37.541556626958595,37.541556626958595,0.0,1,normal,train
normal/01027_normal.png,254.5234529715193,171.86742368250782,51.187068795929385,51.187068795929385,0.0,1,normal,train
normal/00415_normal.png,248.14007763922635,52.178572933971665,47.90244402501013,47.90244402501013,0.0,1,normal,train
normal/01307_normal.png,556.7555865062122,224.22895455312175,52.460049196172776,52.460049196172776,0.0,1,normal,train
normal/00378_normal.png,262.4023196969614,320.33445414839986,35.76496088235049,35.76496088235049,0.0,1,normal,train
normal/00381_normal.png,555.5596468115938,216.3696804713117,17.727676765216938,17.727676765216938,0.0,1,normal,train
normal/00049_normal.png,121.28483220106949,126.51426551581416,22.56814434592404,22.56814434592404,0.0,1,normal,train
normal/00657_normal.png,587.912843411087,295.93674690426207,20.192290188234548,20.192290188234548,0.0,1,normal,train
normal/00737_normal.png,346.53357996756495,253.38956244288912,50.01105944480339,50.01105944480339,0.0,1,normal,train
noisy/01719_noisy.png,477.50677314611926,56.72950924417873,42.10034249985624,42.10034249985624,0.9812745760969968,1,noisy,train
normal/00970_normal.png,342.80895884440565,297.494697519451,36.425288833224485,36.425288833224485,0.0,1,normal,train
noisy/01759_noisy.png,231.61139852038372,121.64976603385571,60.597914062913745,60.597914062913745,-4.24037072403414,1,noisy,train
background/01924_background.png,320.0,240.0,15.0,15.0,0.0,0,background,train
normal/00685_normal.png,58.00390956942334,170.08364883216026,15.457412861755973,15.457412861755973,0.0,1,normal,train
normal/00351_normal.png,588.4284325485748,173.14743623092653,40.11405293497017,40.11405293497017,0.0,1,normal,train
normal/01421_normal.png,198.56439248746818,69.55747832831119,36.45975060660193,36.45975060660193,0.0,1,normal,train
normal/01348_normal.png,210.39843152449382,95.05600614567277,43.17671611940872,43.17671611940872,0.0,1,normal,train
noisy/01822_noisy.png,371.2733477836593,383.217842759348,49.981735697753905,49.981735697753905,-0.4275745444329786,1,noisy,train
normal/01439_normal.png,102.48674109911818,324.1287776055181,22.088435424009155,22.088435424009155,0.0,1,normal,train
normal/01413_normal.png,312.5403707472258,424.568275001442,19.141622379253654,19.141622379253654,0.0,1,normal,train
normal/01325_normal.png,512.4600777947817,348.7632448121516,15.829032674728648,15.829032674728648,0.0,1,normal,train
normal/00160_normal.png,61.084446692174325,50.333618830446454,48.487419175371116,48.487419175371116,0.0,1,normal,train
background/01921_background.png,320.0,240.0,15.0,15.0,0.0,0,background,train
background/01878_background.png,320.0,240.0,15.0,15.0,0.0,0,background,train
normal/01369_normal.png,114.43122271579111,98.28540156260895,29.51461155307656,29.51461155307656,0.0,1,normal,train
noisy/01752_noisy.png,379.02439817042455,309.9964918095498,53.50792541335957,53.50792541335957,1.8759543900782738,1,noisy,train
normal/01202_normal.png,528.5522516459773,386.53599665066037,24.491516432298617,24.491516432298617,0.0,1,normal,train
normal/00899_normal.png,320.3566999889596,360.58653765505704,37.48675471237687,37.48675471237687,0.0,1,normal,train
background/01918_background.png,320.0,240.0,15.0,15.0,0.0,0,background,train
normal/00211_normal.png,317.1252615628765,432.02092735324527,25.00000095374435,25.00000095374435,0.0,1,normal,train
noisy/01717_noisy.png,384.8342837026663,166.10105121449658,15.138722457760224,57.967460914122505,-14.793171462304914,1,noisy,train
normal/00576_normal.png,278.33419877653904,90.46213154255437,47.66051220403311,47.66051220403311,0.0,1,normal,train
normal/00628_normal.png,157.61816760134147,98.80853918971592,26.654456739769177,26.654456739769177,0.0,1,normal,train
normal/00485_normal.png,368.3697548720815,321.9838024754183,44.43537403237993,44.43537403237993,0.0,1,normal,train
normal/00979_normal.png,79.03834857000295,142.218761531135,37.77190399271623,37.77190399271623,0.0,1,normal,train
normal/01094_normal.png,483.45252856416033,56.859204025000366,45.21279869688826,45.21279869688826,0.0,1,normal,train
normal/00369_normal.png,133.68563630607377,158.58682929673643,15.364588870448491,15.364588870448491,0.0,1,normal,train
normal/01092_normal.png,297.39885823923277,407.98728025111416,51.96986705538578,51.96986705538578,0.0,1,normal,train
normal/01011_normal.png,402.81411989502914,40.784640054943075,28.91494815274592,28.91494815274592,0.0,1,normal,train
normal/00988_normal.png,80.45421005512577,220.84218592148642,25.24208600852871,25.24208600852871,0.0,1,normal,train
background/01903_background.png,320.0,240.0,15.0,15.0,0.0,0,background,train
noisy/01617_noisy.png,317.3012600670055,291.56788492365746,45.88403539341799,17.591517142587747,-3.623006623476412,1,noisy,train
normal/00639_normal.png,362.097610680772,392.0678033332806,51.15616010413608,51.15616010413608,0.0,1,normal,train
normal/01318_normal.png,116.93071432743933,409.4136310386181,42.116694393561076,42.116694393561076,0.0,1,normal,train
normal/00359_normal.png,151.10376372278478,304.3505599787674,29.104326700822288,29.104326700822288,0.0,1,normal,train
background/01847_background.png,320.0,240.0,15.0,15.0,0.0,0,background,train
normal/01438_normal.png,405.52423330842913,227.02231432618518,49.57220307773964,49.57220307773964,0.0,1,normal,train
normal/00220_normal.png,262.0940450395782,99.63973486118705,18.9406505411565,18.9406505411565,0.0,1,normal,train
normal/01014_normal.png,337.056646637538,61.505553080616124,44.37308328901858,44.37308328901858,0.0,1,normal,train
normal/00912_normal.png,508.2240804824818,226.3722291945697,48.144351123276984,48.144351123276984,0.0,1,normal,train
normal/00749_normal.png,86.0178295594644,43.813829931569714,52.50006825741506,52.50006825741506,0.0,1,normal,train
tilted/01556_tilted.png,284.42252516082044,239.4085830474345,60.592435300986565,23.264340228136465,16.06972318197524,1,tilted,train
normal/00533_normal.png,158.6499133324511,125.22108039408619,26.92655367510397,26.92655367510397,0.0,1,normal,train
noisy/01592_noisy.png,467.6202703687938,182.0582152236539,49.480482501992796,24.294365850395486,10.465829471470094,1,noisy,train
normal/01459_normal.png,150.62413828060227,45.67899019355558,51.84559450443291,51.84559450443291,0.0,1,normal,train
normal/01390_normal.png,468.05517167965843,380.72108488924397,45.86232481244673,45.86232481244673,0.0,1,normal,train
normal/00857_normal.png,412.46630895203447,369.83411704199824,51.98157914161272,51.98157914161272,0.0,1,normal,train
normal/00280_normal.png,375.0833249603054,401.89852662817054,51.90758229564502,51.90758229564502,0.0,1,normal,train
normal/00299_normal.png,319.4918404252561,255.36692058401127,32.642481192468935,32.642481192468935,0.0,1,normal,train
normal/00761_normal.png,56.35991809634359,200.14425142387017,35.27396509104615,35.27396509104615,0.0,1,normal,train
normal/00319_normal.png,120.1389999612526,42.00676572515053,22.122144400562977,22.122144400562977,0.0,1,normal,train
normal/01150_normal.png,302.07769736235673,401.8580507433035,27.63090200366573,27.63090200366573,0.0,1,normal,train
normal/01384_normal.png,159.6847019467948,69.46414109785076,41.21291628403246,41.21291628403246,0.0,1,normal,train
normal/00903_normal.png,598.8793800809893,272.9380346425718,49.425417075831625,49.425417075831625,0.0,1,normal,train
normal/00717_normal.png,170.49247709241004,53.57799606280183,17.10309018393786,17.10309018393786,0.0,1,normal,train
normal/00835_normal.png,598.6769538577553,127.48239677434162,29.788501730652634,29.788501730652634,0.0,1,normal,train
normal/00927_normal.png,579.8345721003658,142.60224239721254,19.146273775622724,19.146273775622724,0.0,1,normal,train
tilted/01558_tilted.png,242.902713417936,59.61343926421901,33.492099459663535,74.72624947219964,104.29951733734018,1,tilted,train
normal/01345_normal.png,256.5223070163237,330.6884794443421,32.31384510897459,32.31384510897459,0.0,1,normal,train
normal/00790_normal.png,300.66366964206503,300.26876611502934,24.659824779491363,24.659824779491363,0.0,1,normal,train
normal/00227_normal.png,530.5270643825947,154.9988553940329,18.01176634002312,18.01176634002312,0.0,1,normal,train
normal/01120_normal.png,81.73656853769498,54.08723799812801,49.351751002553264,49.351751002553264,0.0,1,normal,train
normal/00364_normal.png,581.4962987234168,279.68364893745513,46.03538883483307,46.03538883483307,0.0,1,normal,train
background/01848_background.png,320.0,240.0,15.0,15.0,0.0,0,background,train
normal/00974_normal.png,211.71527275764356,203.74614642711842,39.43912005290787,39.43912005290787,0.0,1,normal,train
background/01960_background.png,320.0,240.0,15.0,15.0,0.0,0,background,train
noisy/01734_noisy.png,462.0981154345176,182.91600662245662,16.558815475275832,54.8788421391343,-4.4642192012163395,1,noisy,train
noisy/01814_noisy.png,355.7448708156421,320.8992978328251,35.1301780490734,35.1301780490734,-5.660120304223646,1,noisy,train
normal/00568_normal.png,241.80459902322318,120.89285341664984,23.169657112655294,23.169657112655294,0.0,1,normal,train
normal/00031_normal.png,503.6531850765071,116.61678456321815,25.489876269226464,25.489876269226464,0.0,1,normal,train
background/01873_background.png,320.0,240.0,15.0,15.0,0.0,0,background,train
normal/01281_normal.png,84.06966901782509,436.55001369027786,49.896509731714666,49.896509731714666,0.0,1,normal,train
normal/00801_normal.png,240.63958068954895,371.12715165043016,19.673985278003943,19.673985278003943,0.0,1,normal,train
noisy/01612_noisy.png,580.462972269225,48.55846370502058,66.5607612605402,66.5607612605402,-3.488351884234497,1,noisy,train
normal/00515_normal.png,468.8145422460005,306.5788170285997,50.71978872902132,50.71978872902132,0.0,1,normal,train
normal/01050_normal.png,459.2407333345592,364.66423557304483,36.92806794254585,36.92806794254585,0.0,1,normal,train
normal/01078_normal.png,450.3825707058781,172.36188300325776,17.6660812309075,17.6660812309075,0.0,1,normal,train
normal/00895_normal.png,394.3340242555407,140.74421103580778,39.33830193281508,39.33830193281508,0.0,1,normal,train
normal/01210_normal.png,536.3735982379694,113.0423648482688,44.653035345548616,44.653035345548616,0.0,1,normal,train
noisy/01702_noisy.png,78.61787651039134,396.5915909343389,54.866436502801854,64.03471844978489,-11.905038568904608,1,noisy,train
background/01871_background.png,320.0,240.0,15.0,15.0,0.0,0,background,train
noisy/01596_noisy.png,483.99944337018655,360.5143974242086,68.11203011509937,17.639973500170015,-13.13338417104405,1,noisy,train
tilted/01521_tilted.png,108.1256101975754,434.0897337943467,38.545866389387115,39.0653727481058,135.97266939597972,1,tilted,train
normal/00789_normal.png,464.8147925191643,92.95228589092824,52.61314574944889,52.61314574944889,0.0,1,normal,train
normal/00053_normal.png,111.92829872961308,146.49326423812707,32.68089902066097,32.68089902066097,0.0,1,normal,train
normal/00772_normal.png,135.83608179995352,188.26099881403186,30.165927962323316,30.165927962323316,0.0,1,normal,train
normal/01176_normal.png,198.3617229618663,411.91174628839343,22.46661424881713,22.46661424881713,0.0,1,normal,train
noisy/01807_noisy.png,87.43822885896122,335.64582392877566,44.5397317189514,66.43941609545112,-9.498127343838213,1,noisy,train
normal/00911_normal.png,468.40424268391155,308.21315636068107,28.362533301074286,28.362533301074286,0.0,1,normal,train
normal/00243_normal.png,482.332555569008,159.8383120592443,20.9453751073137,20.9453751073137,0.0,1,normal,train
normal/00366_normal.png,519.6506302051394,374.9719961046152,24.046234680790207,24.046234680790207,0.0,1,normal,train
normal/00780_normal.png,269.3753616678944,55.29738108696401,23.537785616223736,23.537785616223736,0.0,1,normal,train
background/01854_background.png,320.0,240.0,15.0,15.0,0.0,0,background,train
normal/00966_normal.png,440.1779220537972,430.5068526030867,40.77864209948493,40.77864209948493,0.0,1,normal,train
normal/00112_normal.png,306.0186169858706,283.6959647759195,42.2557825694127,42.2557825694127,0.0,1,normal,train
background/01985_background.png,320.0,240.0,15.0,15.0,0.0,0,background,train
normal/00661_normal.png,243.19618051701573,138.41787435613446,42.11412971778543,42.11412971778543,0.0,1,normal,train
normal/01062_normal.png,158.34701149460432,211.99467059682374,52.12085527021919,52.12085527021919,0.0,1,normal,train
normal/00845_normal.png,575.3604492057566,67.10857787410146,34.880535058885194,34.880535058885194,0.0,1,normal,train
normal/01282_normal.png,522.849582525547,120.8504650645383,30.873998143696113,30.873998143696113,0.0,1,normal,train
normal/00829_normal.png,573.1046926311493,90.40559417197765,34.13535459888081,34.13535459888081,0.0,1,normal,train
background/01877_background.png,320.0,240.0,15.0,15.0,0.0,0,background,train
noisy/01778_noisy.png,149.36001618674507,227.98093410201986,31.940335505832543,17.4973774754532,2.8178321584145287,1,noisy,train
normal/00238_normal.png,220.47115506264802,239.44076290719352,36.18871566950549,36.18871566950549,0.0,1,normal,train
normal/01423_normal.png,43.866287071706715,302.4856200436067,19.685023221469457,19.685023221469457,0.0,1,normal,train
tilted/01532_tilted.png,386.83019666890675,354.31559487344504,30.80385110166457,72.38161099646058,76.09044473805385,1,tilted,train
normal/00754_normal.png,366.02132304773914,308.3425612674058,42.24807466581769,42.24807466581769,0.0,1,normal,train
normal/01173_normal.png,167.4459158934701,275.42093943308925,20.56329410479981,20.56329410479981,0.0,1,normal,train
normal/00128_normal.png,479.3977042428504,394.3023759342736,41.65032492315339,41.65032492315339,0.0,1,normal,train
noisy/01649_noisy.png,577.5040735561925,44.8093677115316,49.49703040058013,49.49703040058013,2.545721333081673,1,noisy,train
normal/01336_normal.png,524.0838244847425,342.4979544212718,22.873399221269704,22.873399221269704,0.0,1,normal,train
background/01997_background.png,320.0,240.0,15.0,15.0,0.0,0,background,train
noisy/01818_noisy.png,435.0067022376392,206.81810926386987,46.70662351243435,46.70662351243435,13.160390688759549,1,noisy,train
noisy/01788_noisy.png,470.1357826385165,420.69051066671415,36.464984898168055,36.464984898168055,-9.203877826841651,1,noisy,train
tilted/01565_tilted.png,97.38236428154048,118.86195784208448,57.22974501854771,65.69610037587627,125.2394332229455,1,tilted,train
noisy/01689_noisy.png,594.7274112475051,145.4305624915079,19.340847645107218,55.314082007883435,-0.5466586918735423,1,noisy,train
normal/00125_normal.png,58.69805093812949,76.53946684580438,37.25766283864043,37.25766283864043,0.0,1,normal,train
noisy/01590_noisy.png,68.7725075506449,281.59906610728615,39.99961432596909,39.99961432596909,11.493593407400827,1,noisy,train
normal/00837_normal.png,219.8712780461795,64.01769317304465,16.387889776547922,16.387889776547922,0.0,1,normal,train
normal/01184_normal.png,98.26423447806684,353.51211001715996,33.13148089026362,33.13148089026362,0.0,1,normal,train
normal/00062_normal.png,386.6215786337185,425.0482670727316,48.459899301317336,48.459899301317336,0.0,1,normal,train
normal/00706_normal.png,152.54910068643815,351.9302971607245,44.09450116160038,44.09450116160038,0.0,1,normal,train
tilted/01567_tilted.png,472.33779577248157,103.1567496543286,40.68521990839117,35.96995475660358,148.43805932893792,1,tilted,train
normal/00376_normal.png,284.8316569594842,215.32337983708337,43.4935877281449,43.4935877281449,0.0,1,normal,train
noisy/01737_noisy.png,551.4768431007813,380.2489445126598,60.26650294593206,60.26650294593206,-13.86815538919731,1,noisy,train
normal/00371_normal.png,368.38801362050526,89.0092774756738,44.475013671151814,44.475013671151814,0.0,1,normal,train
normal/00241_normal.png,375.258881977486,259.7968498831656,22.573510387566717,22.573510387566717,0.0,1,normal,train
noisy/01711_noisy.png,331.478249974501,365.88505002263537,17.58166828771526,17.58166828771526,-14.284328155398693,1,noisy,train
normal/00742_normal.png,426.8102970361035,250.46579376815848,26.73316849398956,26.73316849398956,0.0,1,normal,train
normal/01420_normal.png,525.7237504859706,194.42907916564857,53.53092890094607,53.53092890094607,0.0,1,normal,train
normal/00681_normal.png,294.9371157235277,296.58848630056326,39.081999794337925,39.081999794337925,0.0,1,normal,train
normal/00033_normal.png,59.9374341488533,228.32012454336348,20.96712016900063,20.96712016900063,0.0,1,normal,train
normal/00286_normal.png,203.58220524036432,273.35731087869135,29.69067513205166,29.69067513205166,0.0,1,normal,train
background/01991_background.png,320.0,240.0,15.0,15.0,0.0,0,background,train
normal/00822_normal.png,176.5559506967707,50.04537090553086,32.02108901492209,32.02108901492209,0.0,1,normal,train
normal/00101_normal.png,64.12134580693505,76.53751234197276,30.406528568840557,30.406528568840557,0.0,1,normal,train
normal/01274_normal.png,285.4615611639514,236.85667224244864,37.601927099378536,37.601927099378536,0.0,1,normal,train
background/01933_background.png,320.0,240.0,15.0,15.0,0.0,0,background,train
background/01900_background.png,320.0,240.0,15.0,15.0,0.0,0,background,train
normal/01156_normal.png,508.75091199195856,301.3987857468954,32.106904775851206,32.106904775851206,0.0,1,normal,train
normal/01096_normal.png,542.8484752854595,437.962784004927,30.381701351610523,30.381701351610523,0.0,1,normal,train
normal/00464_normal.png,428.06546250088684,260.6897105947967,23.08901982075654,23.08901982075654,0.0,1,normal,train
normal/01088_normal.png,43.26477253243076,386.64778327812587,27.21859000715702,27.21859000715702,0.0,1,normal,train
noisy/01707_noisy.png,77.61763129197179,112.08551223110278,65.31497573676987,22.18406734272909,-11.908638905727361,1,noisy,train
normal/00550_normal.png,346.9485852699104,78.41957829149081,32.4727293446837,32.4727293446837,0.0,1,normal,train
normal/00753_normal.png,297.76970397632135,243.70768681633913,26.822133746697972,26.822133746697972,0.0,1,normal,train
normal/00658_normal.png,500.86620704629007,405.7018607228136,17.417694423912913,17.417694423912913,0.0,1,normal,train
background/01906_background.png,320.0,240.0,15.0,15.0,0.0,0,background,train
background/01875_background.png,320.0,240.0,15.0,15.0,0.0,0,background,train
normal/00984_normal.png,147.42966644308385,433.2021994009324,18.59584375589899,18.59584375589899,0.0,1,normal,train
normal/00038_normal.png,96.89377538903511,385.64403504115523,50.059573128321084,50.059573128321084,0.0,1,normal,train
normal/00046_normal.png,220.24349934241997,383.1691051690451,17.450289647701176,17.450289647701176,0.0,1,normal,train
normal/01398_normal.png,284.09339239621,257.181907470561,39.24685050650852,39.24685050650852,0.0,1,normal,train
noisy/01615_noisy.png,504.1803392102081,153.28392867564776,27.61761352413829,60.25863542337259,8.268803206580017,1,noisy,train
normal/00933_normal.png,284.2452928301081,274.6098738189287,24.273994865385674,24.273994865385674,0.0,1,normal,train
normal/00840_normal.png,483.3833889827444,314.5246310603695,20.89478588522263,20.89478588522263,0.0,1,normal,train
normal/00475_normal.png,526.6726814002102,205.89940977901082,18.255676348239774,18.255676348239774,0.0,1,normal,train
noisy/01706_noisy.png,573.770119489251,422.36739842038435,21.298602022064593,69.2120729960439,-8.805816008540605,1,noisy,train
normal/00226_normal.png,255.27594867787485,366.32317033372584,30.281915483972206,30.281915483972206,0.0,1,normal,train
normal/01191_normal.png,83.07025803627168,240.4123352299736,23.800093034965457,23.800093034965457,0.0,1,normal,train
normal/00574_normal.png,193.1792636197038,198.01017010334584,28.587202037605252,28.587202037605252,0.0,1,normal,train
normal/01073_normal.png,342.11358549239856,116.83882846392574,17.254133664355784,17.254133664355784,0.0,1,normal,train
normal/00482_normal.png,107.62564733674564,360.1983342652869,44.19925263908598,44.19925263908598,0.0,1,normal,train
normal/00804_normal.png,553.893634402022,314.17757894641915,50.32673144726243,50.32673144726243,0.0,1,normal,train
noisy/01676_noisy.png,521.7960655352188,285.29041696024797,20.98436511400505,20.98436511400505,-9.007536902545777,1,noisy,train
noisy/01598_noisy.png,174.79100622475306,290.4439352086428,57.820953106286886,57.820953106286886,-11.245089212801023,1,noisy,train
normal/00684_normal.png,462.1893692692673,45.28016696297149,19.813594087991117,19.813594087991117,0.0,1,normal,train
normal/01077_normal.png,330.1423204245317,258.53347441802066,38.99216985016471,38.99216985016471,0.0,1,normal,train
tilted/01569_tilted.png,107.51932364281713,48.20732665235866,22.73837427825794,34.950910121295784,95.07709985629896,1,tilted,train
normal/01441_normal.png,510.26771199269007,277.76123147005217,26.3428619366937,26.3428619366937,0.0,1,normal,train
normal/00915_normal.png,67.96709595339294,389.98938249311414,35.96875327101999,35.96875327101999,0.0,1,normal,train
normal/00126_normal.png,219.55032150659142,96.2241212540601,43.49138136064745,43.49138136064745,0.0,1,normal,train
normal/01151_normal.png,492.8743604600885,162.3565836969169,49.570829479308756,49.570829479308756,0.0,1,normal,train
normal/01018_normal.png,73.05774797329349,189.3537902303907,20.509430591588078,20.509430591588078,0.0,1,normal,train
normal/00869_normal.png,420.90598481377435,233.71796614860827,32.245900914758565,32.245900914758565,0.0,1,normal,train
normal/00404_normal.png,92.35856770601144,306.0208495652513,31.433090033610092,31.433090033610092,0.0,1,normal,train
background/01999_background.png,320.0,240.0,15.0,15.0,0.0,0,background,train
normal/00760_normal.png,413.557155361803,114.69351121924657,29.31900602603242,29.31900602603242,0.0,1,normal,train
background/01897_background.png,320.0,240.0,15.0,15.0,0.0,0,background,train
background/01923_background.png,320.0,240.0,15.0,15.0,0.0,0,background,train
normal/00231_normal.png,269.54768648544825,226.55014309688997,17.649961850583235,17.649961850583235,0.0,1,normal,train
normal/00144_normal.png,387.50673562997764,369.718594572073,40.43329072831238,40.43329072831238,0.0,1,normal,train
normal/00077_normal.png,448.0295274582989,65.28137218887254,27.321401902858074,27.321401902858074,0.0,1,normal,train
normal/00986_normal.png,505.9026222229296,162.71451053109968,26.393890507140846,26.393890507140846,0.0,1,normal,train
normal/01008_normal.png,113.12702650585624,416.7171360915264,29.272597304766585,29.272597304766585,0.0,1,normal,train
normal/00771_normal.png,315.9214743794073,195.64686710748404,23.094696265285116,23.094696265285116,0.0,1,normal,train
normal/01400_normal.png,423.5021032602851,305.71796079290516,38.61194148347144,38.61194148347144,0.0,1,normal,train
noisy/01760_noisy.png,508.9167242497663,243.71104658644245,28.53751018661596,28.53751018661596,-2.562111767263529,1,noisy,train
normal/00263_normal.png,398.2911648896081,114.13964115695654,42.88888096425728,42.88888096425728,0.0,1,normal,train
normal/00168_normal.png,337.2126579908293,325.4402706388319,50.003727461318704,50.003727461318704,0.0,1,normal,train
background/01968_background.png,320.0,240.0,15.0,15.0,0.0,0,background,train
normal/00513_normal.png,514.2990597770597,395.5573401413571,24.142455270725918,24.142455270725918,0.0,1,normal,train
normal/00728_normal.png,230.95523882533755,412.98278881517837,30.018461478268854,30.018461478268854,0.0,1,normal,train
normal/00374_normal.png,411.86551885970545,419.7914006675566,50.87963749896369,50.87963749896369,0.0,1,normal,train
normal/01404_normal.png,140.49969691713108,80.68845388204166,35.75710774826746,35.75710774826746,0.0,1,normal,train
background/01866_background.png,320.0,240.0,15.0,15.0,0.0,0,background,train
normal/01089_normal.png,142.45623508081823,273.0656110025834,25.345126588229668,25.345126588229668,0.0,1,normal,train
background/01927_background.png,320.0,240.0,15.0,15.0,0.0,0,background,train
normal/01270_normal.png,568.1388220670904,259.5380511892206,51.54300224258211,51.54300224258211,0.0,1,normal,train
background/01887_background.png,320.0,240.0,15.0,15.0,0.0,0,background,train
normal/00803_normal.png,517.6931415478689,48.092148541540965,15.085846169737524,15.085846169737524,0.0,1,normal,train
normal/00748_normal.png,365.69020173937383,114.23085868864621,53.25029630752621,53.25029630752621,0.0,1,normal,train
normal/00884_normal.png,557.1261045252062,246.90803560842332,28.80237792209173,28.80237792209173,0.0,1,normal,train
normal/00373_normal.png,575.4609089953324,148.2744785882999,51.10227255311353,51.10227255311353,0.0,1,normal,train
background/01989_background.png,320.0,240.0,15.0,15.0,0.0,0,background,train
normal/00034_normal.png,548.1427067503888,420.73583570489734,24.742806290719198,24.742806290719198,0.0,1,normal,train
tilted/01540_tilted.png,542.518696651873,305.1024795650824,67.1442384902782,77.26085349656306,72.32784675196007,1,tilted,train
normal/01467_normal.png,271.1352806901644,134.54253221902934,38.85663183395418,38.85663183395418,0.0,1,normal,train
background/01951_background.png,320.0,240.0,15.0,15.0,0.0,0,background,train
normal/01394_normal.png,230.6291737678845,100.52022799970112,26.80962397776084,26.80962397776084,0.0,1,normal,train
normal/00099_normal.png,159.70834755168647,232.79842052472412,29.252101597610203,29.252101597610203,0.0,1,normal,train
background/01876_background.png,320.0,240.0,15.0,15.0,0.0,0,background,train
background/01984_background.png,320.0,240.0,15.0,15.0,0.0,0,background,train
noisy/01720_noisy.png,396.4865435084684,223.38054781773448,20.949767901738603,20.949767901738603,6.613586329846793,1,noisy,train
noisy/01582_noisy.png,453.76292019453484,94.07135413593065,43.877886380126505,54.34865465292462,-5.545606744237993,1,noisy,train
normal/00194_normal.png,159.97796246699875,340.99483644977715,51.86308019185598,51.86308019185598,0.0,1,normal,train
normal/00651_normal.png,575.8140867891238,378.09546387208144,36.815083959350645,36.815083959350645,0.0,1,normal,train
background/01830_background.png,320.0,240.0,15.0,15.0,0.0,0,background,train
normal/01158_normal.png,550.7298855275328,295.91032841880485,18.22624343852696,18.22624343852696,0.0,1,normal,train
normal/00621_normal.png,82.22833523812213,368.9761811865501,24.287376688372028,24.287376688372028,0.0,1,normal,train
normal/00235_normal.png,344.71064133231545,362.24718335495027,16.73421737331612,16.73421737331612,0.0,1,normal,train
normal/00293_normal.png,511.5865477404491,281.7926153708491,51.86109188475504,51.86109188475504,0.0,1,normal,train
normal/01053_normal.png,593.3644831691033,415.250890678225,34.30720129112204,34.30720129112204,0.0,1,normal,train
normal/00620_normal.png,212.28168872024276,120.17133011593378,42.27667869354444,42.27667869354444,0.0,1,normal,train
background/01859_background.png,320.0,240.0,15.0,15.0,0.0,0,background,train
normal/01305_normal.png,381.9803201617312,374.5264856058244,30.676446786133777,30.676446786133777,0.0,1,normal,train
normal/00008_normal.png,424.79617036857013,224.11443568220483,47.948741900413694,47.948741900413694,0.0,1,normal,train
normal/00281_normal.png,139.55597649087906,384.16187866695145,45.71378960167313,45.71378960167313,0.0,1,normal,train
normal/00405_normal.png,365.8094455388035,155.79865379324906,43.312436039466654,43.312436039466654,0.0,1,normal,train
normal/00674_normal.png,237.53550236490076,160.54709168690226,23.633428516419194,23.633428516419194,0.0,1,normal,train
normal/00022_normal.png,297.9204458434928,165.79036622160697,48.556076217971906,48.556076217971906,0.0,1,normal,train
noisy/01733_noisy.png,148.07236447552566,336.0401909712511,67.62168550287761,67.62168550287761,-7.684504190959975,1,noisy,train
background/01895_background.png,320.0,240.0,15.0,15.0,0.0,0,background,train
normal/00588_normal.png,292.7006775434395,433.37051472146067,46.43438968428018,46.43438968428018,0.0,1,normal,train
noisy/01624_noisy.png,444.5603624191538,119.98736519763065,60.03492229888519,60.03492229888519,-10.785079499978812,1,noisy,train
noisy/01745_noisy.png,88.95955158901631,229.52653446305217,30.47270514586541,56.76281911865171,11.772724071071515,1,noisy,train
normal/01245_normal.png,520.6206711639969,301.0949617648773,40.73736738283306,40.73736738283306,0.0,1,normal,train
noisy/01765_noisy.png,374.0671393710348,408.16798368511587,60.13268243894775,60.13268243894775,13.915036645843564,1,noisy,train
noisy/01756_noisy.png,409.99807997748354,68.89205395366741,30.549157758631807,30.549157758631807,-1.5076415060194854,1,noisy,train
normal/00850_normal.png,423.81786776138654,58.37666315160593,16.058040890910913,16.058040890910913,0.0,1,normal,train
background/01922_background.png,320.0,240.0,15.0,15.0,0.0,0,background,train
normal/01042_normal.png,317.13264127335106,249.35389648346373,39.445809140906974,39.445809140906974,0.0,1,normal,train
normal/00309_normal.png,438.11981915615576,256.35583606757143,19.95760189262846,19.95760189262846,0.0,1,normal,train
normal/00814_normal.png,89.51218501210988,220.11674094933093,43.14535336659655,43.14535336659655,0.0,1,normal,train
normal/00967_normal.png,133.29991771752677,198.53352223007587,39.721660749734525,39.721660749734525,0.0,1,normal,train
normal/01136_normal.png,130.91791938028257,407.20084536585335,44.17980127127687,44.17980127127687,0.0,1,normal,train
background/01828_background.png,320.0,240.0,15.0,15.0,0.0,0,background,train
normal/01049_normal.png,582.4712927337326,140.15216919818806,19.530692904164543,19.530692904164543,0.0,1,normal,train
normal/00825_normal.png,79.69573208888808,264.56001093856923,41.45765799757987,41.45765799757987,0.0,1,normal,train
noisy/01731_noisy.png,219.3248638480203,159.4663200233323,51.59265319141389,51.59265319141389,11.938006845071293,1,noisy,train
normal/01069_normal.png,352.1496529987251,307.05447740928753,39.67393771261413,39.67393771261413,0.0,1,normal,train
normal/00075_normal.png,523.279070554938,300.338206134669,42.95002516650679,42.95002516650679,0.0,1,normal,train
noisy/01758_noisy.png,252.17724555154518,136.4050063094232,44.55528231927512,67.15195073354134,13.570827056709259,1,noisy,train
normal/00559_normal.png,95.70390650449485,386.9953873499423,41.245096843472766,41.245096843472766,0.0,1,normal,train
normal/00693_normal.png,497.3677902555513,218.15658594724817,35.90306612081451,35.90306612081451,0.0,1,normal,train
normal/00750_normal.png,99.37603357880616,284.37845286960635,23.429364712430772,23.429364712430772,0.0,1,normal,train
background/01912_background.png,320.0,240.0,15.0,15.0,0.0,0,background,train
normal/00009_normal.png,71.408809223978,100.79102594541234,25.586799360249284,25.586799360249284,0.0,1,normal,train
normal/00682_normal.png,61.99654177137993,420.1407139927895,32.10199516095469,32.10199516095469,0.0,1,normal,train
normal/01240_normal.png,138.95940145944013,94.39479833778371,21.111077381609995,21.111077381609995,0.0,1,normal,train
normal/00470_normal.png,182.56111798731988,338.2186908957988,18.79220199030733,18.79220199030733,0.0,1,normal,train
background/01911_background.png,320.0,240.0,15.0,15.0,0.0,0,background,train
normal/00653_normal.png,390.7430612617195,365.00006821291345,37.04602122523968,37.04602122523968,0.0,1,normal,train
normal/00862_normal.png,119.44156202705376,310.0576275979194,22.996028309590336,22.996028309590336,0.0,1,normal,train
normal/00237_normal.png,486.7638434161343,326.2015850362644,20.463578931136958,20.463578931136958,0.0,1,normal,train
background/01894_background.png,320.0,240.0,15.0,15.0,0.0,0,background,train
normal/00597_normal.png,517.4144177174967,115.28726210342013,33.95947543935736,33.95947543935736,0.0,1,normal,train
noisy/01665_noisy.png,111.67482028816659,208.54217725534463,32.323093213086516,56.239594585601345,-11.460274332088316,1,noisy,train
normal/00246_normal.png,585.2075537129128,272.4524954599017,30.539013926266442,30.539013926266442,0.0,1,normal,train
normal/00699_normal.png,76.85466927728373,395.66228583442256,20.3368960937917,20.3368960937917,0.0,1,normal,train
normal/00634_normal.png,369.1489200983852,268.43488625757743,41.68247374587129,41.68247374587129,0.0,1,normal,train
normal/01128_normal.png,272.32643968135557,63.24933044775226,33.91370833188529,33.91370833188529,0.0,1,normal,train
normal/00624_normal.png,419.63184314871535,418.2939690854559,35.57777436566478,35.57777436566478,0.0,1,normal,train
normal/00080_normal.png,255.79381601985082,159.90288057224726,32.617582232698894,32.617582232698894,0.0,1,normal,train
normal/00949_normal.png,48.707916950204584,215.63133582016266,29.900108957765603,29.900108957765603,0.0,1,normal,train
normal/01054_normal.png,511.9583834483665,120.55161882640296,44.14727593039854,44.14727593039854,0.0,1,normal,train
normal/00184_normal.png,470.6728494369039,74.4589689528306,15.552878290152776,15.552878290152776,0.0,1,normal,train
normal/01168_normal.png,184.281661669514,316.8262649413522,37.06571939314247,37.06571939314247,0.0,1,normal,train
normal/01024_normal.png,432.27295624835847,67.75217723389494,36.963983107470874,36.963983107470874,0.0,1,normal,train
normal/00925_normal.png,170.15646686163498,46.11929656569248,19.82340322003356,19.82340322003356,0.0,1,normal,train
normal/01422_normal.png,372.5704572225355,142.75314781051424,48.923915064263646,48.923915064263646,0.0,1,normal,train
normal/00250_normal.png,147.30642295236532,161.60666920482367,29.010357785187978,29.010357785187978,0.0,1,normal,train
normal/01337_normal.png,110.21622418473054,332.80382820326184,39.34785801720169,39.34785801720169,0.0,1,normal,train
normal/00441_normal.png,173.73052731625256,279.01044165718076,29.448211194123914,29.448211194123914,0.0,1,normal,train
normal/00383_normal.png,334.547868280742,237.49564307989823,33.75919420032564,33.75919420032564,0.0,1,normal,train
normal/01084_normal.png,77.43514888368249,390.695503843647,50.475476428634664,50.475476428634664,0.0,1,normal,train
normal/00300_normal.png,498.991061778424,85.79019157194683,15.360544500048459,15.360544500048459,0.0,1,normal,train
normal/00057_normal.png,379.9983939306877,353.3949861187707,21.961712850723234,21.961712850723234,0.0,1,normal,train
normal/01465_normal.png,289.3945357404074,106.4214587653154,21.065894260322047,21.065894260322047,0.0,1,normal,train
normal/00047_normal.png,242.04933133981913,316.68459357435154,29.987683145836872,29.987683145836872,0.0,1,normal,train
background/01907_background.png,320.0,240.0,15.0,15.0,0.0,0,background,train
normal/00306_normal.png,185.00996900239576,402.7198372667448,40.684933892088594,40.684933892088594,0.0,1,normal,train
noisy/01725_noisy.png,473.5182168704498,295.80031744854,38.7119805967926,38.7119805967926,-1.2559250138859763,1,noisy,train
normal/00170_normal.png,486.7284115514541,432.23850216086544,31.581606601703243,31.581606601703243,0.0,1,normal,train
normal/00454_normal.png,524.5003227267118,40.32222519486087,50.52428457443821,50.52428457443821,0.0,1,normal,train
normal/01414_normal.png,81.59195236472442,112.41401049164153,46.82323390649284,46.82323390649284,0.0,1,normal,train
normal/01284_normal.png,590.6660710921442,267.3567773498273,29.584111300798973,29.584111300798973,0.0,1,normal,train
normal/00648_normal.png,149.58589887644166,200.0926007377793,36.48080080938422,36.48080080938422,0.0,1,normal,train
normal/00100_normal.png,381.70225569543,45.59962800406319,47.14733358014903,47.14733358014903,0.0,1,normal,train
normal/00444_normal.png,184.99550153256936,425.4221260288817,43.68149633477047,43.68149633477047,0.0,1,normal,train
normal/00092_normal.png,242.30843941168462,67.52081304776004,52.42677773191475,52.42677773191475,0.0,1,normal,train
normal/00232_normal.png,129.0282962327668,230.79050243543878,47.01323889751016,47.01323889751016,0.0,1,normal,train
background/01896_background.png,320.0,240.0,15.0,15.0,0.0,0,background,train
normal/00700_normal.png,374.29868592790024,93.7577251565235,32.17992531354329,32.17992531354329,0.0,1,normal,train
background/01957_background.png,320.0,240.0,15.0,15.0,0.0,0,background,train
normal/00240_normal.png,67.62281883809081,271.8834075039599,45.10095492787046,45.10095492787046,0.0,1,normal,train
normal/00070_normal.png,410.51275683698145,240.54104411075508,28.505622647586705,28.505622647586705,0.0,1,normal,train
normal/00632_normal.png,360.1601581226908,170.19980996561702,15.504076510934471,15.504076510934471,0.0,1,normal,train
normal/00036_normal.png,344.46752260000267,128.074535120238,46.452723831602896,46.452723831602896,0.0,1,normal,train
normal/01213_normal.png,344.0262792949626,307.2860714473149,28.601436158927388,28.601436158927388,0.0,1,normal,train
normal/01145_normal.png,460.9991326211153,132.37000739744758,28.99739793769618,28.99739793769618,0.0,1,normal,train
background/01945_background.png,320.0,240.0,15.0,15.0,0.0,0,background,train
normal/00641_normal.png,206.79737320110414,127.72985107300411,39.41348808183818,39.41348808183818,0.0,1,normal,train
normal/00324_normal.png,552.1189920298368,351.78120518208374,47.46379749802348,47.46379749802348,0.0,1,normal,train
background/01882_background.png,320.0,240.0,15.0,15.0,0.0,0,background,train
normal/01456_normal.png,421.9403619443466,169.3193252946406,31.898463672130667,31.898463672130667,0.0,1,normal,train
normal/01215_normal.png,112.51408742424206,72.6846730464213,23.404760206059585,23.404760206059585,0.0,1,normal,train
normal/00336_normal.png,431.4672353194017,45.946381284456635,33.57184632810011,33.57184632810011,0.0,1,normal,train
tilted/01502_tilted.png,110.10875808225867,133.8233721913031,69.56521049473176,57.25596695319624,38.98346147434205,1,tilted,train
normal/01139_normal.png,164.57404870830294,118.49559764669914,32.425246386080374,32.425246386080374,0.0,1,normal,train
normal/01344_normal.png,479.17445218967197,425.99026917790724,40.233463570354346,40.233463570354346,0.0,1,normal,train
normal/00709_normal.png,89.76648929479066,106.78282185493272,51.87067974915889,51.87067974915889,0.0,1,normal,train
noisy/01614_noisy.png,258.5254975273432,327.66385552182635,17.451030469807506,39.51330926569412,-6.518487935681158,1,noisy,train
normal/00346_normal.png,565.898878394754,54.84597943924961,23.80188884312146,23.80188884312146,0.0,1,normal,train
tilted/01551_tilted.png,495.4420238507329,89.49415438312217,67.36767873827196,20.57230922545984,95.97504622181,1,tilted,train
normal/01288_normal.png,517.0856309936423,313.16678666918875,46.98009399067895,46.98009399067895,0.0,1,normal,train
normal/00076_normal.png,392.3139807004155,85.92562234520261,15.714970704278562,15.714970704278562,0.0,1,normal,train
normal/01290_normal.png,585.8122305712727,228.9101978889213,34.440200525272274,34.440200525272274,0.0,1,normal,train
normal/01225_normal.png,565.6878673725317,77.94492861417993,26.30965164605498,26.30965164605498,0.0,1,normal,train
normal/00419_normal.png,482.97874507418163,100.91522626842361,25.040250343617174,25.040250343617174,0.0,1,normal,train
normal/00147_normal.png,504.75927827204856,208.26430417736518,22.61601623224327,22.61601623224327,0.0,1,normal,train
normal/01085_normal.png,467.31210547240937,224.9939800228614,26.483689612316475,26.483689612316475,0.0,1,normal,train
normal/00015_normal.png,277.1063061432994,75.93991145490097,53.442385703889926,53.442385703889926,0.0,1,normal,train
normal/00847_normal.png,500.54634486987374,75.8888458722218,25.53373226370393,25.53373226370393,0.0,1,normal,train
background/01846_background.png,320.0,240.0,15.0,15.0,0.0,0,background,train
normal/00785_normal.png,120.00750894700728,125.50514817959565,52.728870138015154,52.728870138015154,0.0,1,normal,train
normal/00450_normal.png,91.65536795790032,284.2645115591548,21.82398941354546,21.82398941354546,0.0,1,normal,train
normal/01228_normal.png,580.0457161155825,169.0375694137267,36.803741126119355,36.803741126119355,0.0,1,normal,train
normal/00339_normal.png,566.1516636726855,182.1439033265597,41.79996402463166,41.79996402463166,0.0,1,normal,train
normal/00604_normal.png,420.3849070625113,45.4072546344289,33.40810816890821,33.40810816890821,0.0,1,normal,train
normal/01198_normal.png,547.558124880581,304.08082240810046,44.56164377325146,44.56164377325146,0.0,1,normal,train
normal/00129_normal.png,388.2558532233913,295.5615230333582,32.29651925948656,32.29651925948656,0.0,1,normal,train
normal/00916_normal.png,359.074809277562,347.15710854570153,49.09877488838956,49.09877488838956,0.0,1,normal,train
background/01862_background.png,320.0,240.0,15.0,15.0,0.0,0,background,train
normal/01181_normal.png,373.07101747124045,398.7573068614222,42.389104288631536,42.389104288631536,0.0,1,normal,train
normal/01019_normal.png,440.9773315583357,122.35766438782991,23.289360709244896,23.289360709244896,0.0,1,normal,train
normal/00679_normal.png,486.0830692464421,179.69801822676692,24.748291336224582,24.748291336224582,0.0,1,normal,train
tilted/01542_tilted.png,380.9517659121024,117.04509691401178,25.08317699568404,58.09049780384962,15.47524786998748,1,tilted,train
normal/00390_normal.png,271.5133076246558,162.71699372561122,20.311681587746495,20.311681587746495,0.0,1,normal,train
normal/00853_normal.png,114.4279227391923,260.83295998306903,24.644302519943405,24.644302519943405,0.0,1,normal,train
noisy/01805_noisy.png,455.7456050375658,355.07199151168834,48.241393886305914,48.241393886305914,7.280854500554028,1,noisy,train
normal/00762_normal.png,518.8454694558961,420.9119320377738,25.128046000147084,25.128046000147084,0.0,1,normal,train
normal/01302_normal.png,438.91071270324204,380.66421943272076,39.88335343543107,39.88335343543107,0.0,1,normal,train
normal/00044_normal.png,89.32205587493057,189.5252925146715,45.3174541665537,45.3174541665537,0.0,1,normal,train
normal/00420_normal.png,196.19910045078586,434.8417549219185,17.289680971625696,17.289680971625696,0.0,1,normal,train
normal/00794_normal.png,182.5682519643775,191.18949976121354,21.777972205493548,21.777972205493548,0.0,1,normal,train
normal/01020_normal.png,315.76591982031886,423.0216461520045,27.59457293402525,27.59457293402525,0.0,1,normal,train
normal/01397_normal.png,561.4401025435384,53.37304366402932,43.71533976851936,43.71533976851936,0.0,1,normal,train
normal/01334_normal.png,116.56596804596842,96.40678715604209,35.26946579975014,35.26946579975014,0.0,1,normal,train
normal/01097_normal.png,495.80285815022336,53.571767061012665,17.313669017505838,17.313669017505838,0.0,1,normal,train
tilted/01550_tilted.png,72.71508796684691,280.92099362277764,77.32365598553565,64.87508414063205,54.24662899751581,1,tilted,train
noisy/01685_noisy.png,257.86562116717624,84.84107070464232,57.12656391570763,50.12602453061111,-12.101336667680357,1,noisy,train
normal/00329_normal.png,74.33590594433682,158.5328024871996,22.931442955223204,22.931442955223204,0.0,1,normal,train
normal/01444_normal.png,550.5216574501715,139.60545198591709,21.915750632137726,21.915750632137726,0.0,1,normal,train
normal/00386_normal.png,57.26431660367123,206.41558321840168,25.221942502279106,25.221942502279106,0.0,1,normal,train
background/01928_background.png,320.0,240.0,15.0,15.0,0.0,0,background,train
normal/01311_normal.png,402.2191587258258,111.951568361064,27.18798144726528,27.18798144726528,0.0,1,normal,train
normal/00868_normal.png,286.2221990730625,317.92745392422955,33.43219508384481,33.43219508384481,0.0,1,normal,train
noisy/01643_noisy.png,161.73734177262418,123.76799970737446,20.68516278426457,61.464369697961125,6.400176214442531,1,noisy,train
normal/00353_normal.png,339.9008259090572,198.16293071132952,45.36548105777028,45.36548105777028,0.0,1,normal,train
normal/00495_normal.png,157.96186033329624,168.56858915279253,29.004454227423928,29.004454227423928,0.0,1,normal,train
normal/00551_normal.png,135.39509178889875,263.4671141892005,50.27945384572029,50.27945384572029,0.0,1,normal,train
background/01993_background.png,320.0,240.0,15.0,15.0,0.0,0,background,train
normal/01004_normal.png,300.13844335877775,307.8182080871445,23.858396708789055,23.858396708789055,0.0,1,normal,train
normal/01364_normal.png,173.67112126527417,71.13345129247706,50.32229277359146,50.32229277359146,0.0,1,normal,train
normal/00675_normal.png,194.01987681738933,265.1234204427336,29.979885274408332,29.979885274408332,0.0,1,normal,train
normal/00593_normal.png,146.75432893333658,51.924243713839374,52.36456605286082,52.36456605286082,0.0,1,normal,train
normal/00959_normal.png,509.19370054322917,387.5793058870996,19.715885348342873,19.715885348342873,0.0,1,normal,train
normal/01056_normal.png,492.55744552503575,361.6115865576218,52.548402508475995,52.548402508475995,0.0,1,normal,train
noisy/01766_noisy.png,596.3156028718101,412.38688961603646,25.46436564945861,25.46436564945861,10.094091687884543,1,noisy,train
normal/00289_normal.png,256.32402030596336,209.08416010140175,22.139633478366548,22.139633478366548,0.0,1,normal,train
normal/00002_normal.png,552.94834584569,199.70181629776258,30.698249906476853,30.698249906476853,0.0,1,normal,train
normal/00886_normal.png,349.4839237350757,358.2674620047139,39.960139799673485,39.960139799673485,0.0,1,normal,train
normal/00519_normal.png,61.41360117055946,231.6636218910292,28.875997558655264,28.875997558655264,0.0,1,normal,train
normal/01017_normal.png,291.80390953245796,387.6224203419364,30.3107410713122,30.3107410713122,0.0,1,normal,train
normal/00348_normal.png,210.82138270136687,226.91871985487757,50.918641361695734,50.918641361695734,0.0,1,normal,train
normal/00424_normal.png,540.5448372523626,211.41303739666304,33.420053233902266,33.420053233902266,0.0,1,normal,train
normal/00808_normal.png,480.41442914966296,386.7247944413316,53.30439368023513,53.30439368023513,0.0,1,normal,train
normal/00909_normal.png,307.3324235475257,356.252794077067,28.544391938104383,28.544391938104383,0.0,1,normal,train
normal/00282_normal.png,58.444080745119834,54.19647066484764,20.905920099702833,20.905920099702833,0.0,1,normal,train
normal/00071_normal.png,482.1992238440485,54.14771498614007,32.039482853355835,32.039482853355835,0.0,1,normal,train
noisy/01595_noisy.png,587.9747662811933,355.28433325864444,61.81395937776766,18.634804931900078,10.804623519825206,1,noisy,train
noisy/01728_noisy.png,565.4200583974515,326.90454138627047,63.00846119770323,63.00846119770323,-14.392812721574678,1,noisy,train
normal/00520_normal.png,451.6132081670147,437.06493400235814,20.110045005794298,20.110045005794298,0.0,1,normal,train
tilted/01534_tilted.png,274.2662306095416,135.13880373611937,83.10435216857019,20.41083856962919,86.52583581098368,1,tilted,train
normal/00195_normal.png,509.25642056183995,56.574259291802875,40.5723100108671,40.5723100108671,0.0,1,normal,train
normal/01095_normal.png,54.9690561060623,316.59781377527975,26.075470059042168,26.075470059042168,0.0,1,normal,train
tilted/01562_tilted.png,246.1082295923027,333.51310470398136,48.862461950700485,59.18342384583978,161.3938258043252,1,tilted,train
normal/01324_normal.png,159.71323503826176,345.24393241380176,26.289971837944854,26.289971837944854,0.0,1,normal,train
normal/00467_normal.png,321.71831557696316,198.36101032937856,49.5809844392214,49.5809844392214,0.0,1,normal,train
normal/00249_normal.png,588.1801701513207,80.15245759142303,39.53170125656965,39.53170125656965,0.0,1,normal,train
normal/00483_normal.png,531.7710838797752,173.90885325059818,52.16065626284741,52.16065626284741,0.0,1,normal,train
normal/01126_normal.png,216.92673279163427,197.23341389643136,50.156004890067535,50.156004890067535,0.0,1,normal,train
normal/01041_normal.png,490.355451166643,364.54486755725065,53.82087890784568,53.82087890784568,0.0,1,normal,train
normal/00279_normal.png,416.0908256380687,122.83674686452387,41.12336445626843,41.12336445626843,0.0,1,normal,train
normal/00722_normal.png,42.79929856618156,52.5011010938743,51.4258614371797,51.4258614371797,0.0,1,normal,train
normal/01408_normal.png,358.0405698065161,289.4863416806363,35.528947940459155,35.528947940459155,0.0,1,normal,train
normal/00298_normal.png,84.67155311525386,245.48782327942337,21.78410392207422,21.78410392207422,0.0,1,normal,train
normal/00733_normal.png,324.98509399788736,104.18540198422384,41.93769349647663,41.93769349647663,0.0,1,normal,train
normal/01152_normal.png,133.49312774606324,431.13676908190826,42.468623334124665,42.468623334124665,0.0,1,normal,train
normal/00157_normal.png,221.2009516808817,211.4293295352999,37.13141365625738,37.13141365625738,0.0,1,normal,train
normal/01051_normal.png,589.1037726020237,382.3307559739247,40.374642100740644,40.374642100740644,0.0,1,normal,train
normal/01075_normal.png,407.64877650681234,70.11037270027458,18.499626526362988,18.499626526362988,0.0,1,normal,train
noisy/01637_noisy.png,402.78761469323234,264.34915692764935,22.102533464362544,22.102533464362544,-3.50039405082274,1,noisy,train
tilted/01555_tilted.png,368.9074171299663,297.3271046021096,78.23847530602063,57.77924357699523,64.51177551523328,1,tilted,train
noisy/01601_noisy.png,418.72447555469665,345.7115959262789,36.188244225932905,44.83101763932676,13.7467412345488,1,noisy,train
normal/01380_normal.png,464.7918476780937,253.66801248765844,47.89591575869679,47.89591575869679,0.0,1,normal,train
normal/01006_normal.png,481.0408375956251,223.57151710710363,33.67909687165073,33.67909687165073,0.0,1,normal,train
normal/00095_normal.png,370.5319905850453,264.65092525971227,26.056767461759264,26.056767461759264,0.0,1,normal,train
normal/00417_normal.png,174.03859124405176,180.0353863561596,33.92869403932158,33.92869403932158,0.0,1,normal,train
normal/01485_normal.png,473.9294923843486,95.92208904207885,28.337479200096205,28.337479200096205,0.0,1,normal,train
noisy/01713_noisy.png,192.1042384890523,348.936249412566,68.39097612068221,16.12861872786828,14.82644116435748,1,noisy,train
normal/00564_normal.png,430.9641842979053,354.44327863323235,17.85669124436094,17.85669124436094,0.0,1,normal,train
background/01849_background.png,320.0,240.0,15.0,15.0,0.0,0,background,train
normal/00162_normal.png,386.2623394322511,54.939022198734754,33.062356763353705,33.062356763353705,0.0,1,normal,train
normal/01383_normal.png,71.25506322242117,67.34629169559959,44.84735762532012,44.84735762532012,0.0,1,normal,train
noisy/01591_noisy.png,551.8038662074905,391.7615934945469,46.080708777506935,46.080708777506935,-2.044215057809202,1,noisy,train
normal/01329_normal.png,516.8895218630091,63.1110903569137,28.077261273778998,28.077261273778998,0.0,1,normal,train
normal/00623_normal.png,46.722470054457375,143.57284740029718,22.447821197845535,22.447821197845535,0.0,1,normal,train
normal/00645_normal.png,351.9614775418986,388.170421523785,27.38748917510646,27.38748917510646,0.0,1,normal,train
normal/00029_normal.png,521.7176662668161,115.99435996719102,34.352868802764945,34.352868802764945,0.0,1,normal,train
noisy/01611_noisy.png,304.3341250528266,370.61385621788133,36.292988214061666,36.99511845358922,7.188108385726508,1,noisy,train
normal/00496_normal.png,105.60643623894607,358.538263202341,19.19642144426573,19.19642144426573,0.0,1,normal,train
normal/00715_normal.png,428.50724156180826,140.60691586456375,25.984470990624843,25.984470990624843,0.0,1,normal,train
normal/01261_normal.png,67.77711071645483,278.3583827975789,24.0585079671988,24.0585079671988,0.0,1,normal,train
normal/00294_normal.png,379.83547433639603,189.10380639453797,41.09000771000538,41.09000771000538,0.0,1,normal,train
normal/00134_normal.png,422.07458592259076,160.93348732736607,35.427861600703736,35.427861600703736,0.0,1,normal,train
noisy/01710_noisy.png,302.7059925727025,330.44450257075835,25.87353781051796,55.80634142828374,8.328155326882381,1,noisy,train
normal/01314_normal.png,261.2393091652297,255.91151381646307,20.24058621653852,20.24058621653852,0.0,1,normal,train
normal/01188_normal.png,196.60555789771396,131.50476968879985,47.97496878548965,47.97496878548965,0.0,1,normal,train
normal/01366_normal.png,295.0769731122299,142.824724662564,49.40663845516708,49.40663845516708,0.0,1,normal,train
noisy/01661_noisy.png,226.10849860784353,407.8009562128759,63.51503906545077,50.08799911882814,0.47809921330092564,1,noisy,train
normal/01230_normal.png,589.5133880322062,346.6373760372131,44.66549560412099,44.66549560412099,0.0,1,normal,train
normal/01015_normal.png,322.359695200943,61.38744435439723,42.10730930618154,42.10730930618154,0.0,1,normal,train
normal/01317_normal.png,516.7422205440087,285.45642454903225,31.6619152680379,31.6619152680379,0.0,1,normal,train
normal/00950_normal.png,364.03030622266533,259.7910667858923,22.336319893320724,22.336319893320724,0.0,1,normal,train
normal/01190_normal.png,382.69569046418053,264.07037995271077,29.561732463065677,29.561732463065677,0.0,1,normal,train
normal/00370_normal.png,308.46804182818505,324.6762820416516,48.571858510426274,48.571858510426274,0.0,1,normal,train
tilted/01509_tilted.png,285.54233523726293,252.14708104928891,48.95448141287709,56.78912014069684,28.443643200987907,1,tilted,train
normal/00192_normal.png,119.40438445534303,306.20628493651054,23.215131903020545,23.215131903020545,0.0,1,normal,train
normal/01234_normal.png,404.61504686206945,140.3121140225681,29.762607111656195,29.762607111656195,0.0,1,normal,train
normal/01350_normal.png,497.09330658292083,410.012895636154,53.63316353940009,53.63316353940009,0.0,1,normal,train
noisy/01786_noisy.png,457.37843311590575,202.24873056126904,19.899410868605873,28.087237061007126,-14.151999750555015,1,noisy,train
normal/00555_normal.png,378.05193242251505,405.368886833754,47.135116967074616,47.135116967074616,0.0,1,normal,train
noisy/01800_noisy.png,578.9847026449348,406.2426230939477,45.37934958263327,46.84949772867986,-14.434323067438614,1,noisy,train
normal/00673_normal.png,372.3782964539604,312.4735966624828,49.23717482688822,49.23717482688822,0.0,1,normal,train
noisy/01772_noisy.png,393.232951327332,146.9179071954272,64.47716604119472,64.47716604119472,2.3669054719144107,1,noisy,train
normal/01295_normal.png,171.5735080764237,131.82786227415778,19.00265266995566,19.00265266995566,0.0,1,normal,train
normal/00526_normal.png,247.0619359384128,116.70256694033735,45.65755784394041,45.65755784394041,0.0,1,normal,train
normal/00885_normal.png,261.963767078656,275.84571497473064,38.826367663216146,38.826367663216146,0.0,1,normal,train
normal/00413_normal.png,405.78461412977003,140.18733520932636,40.26485305943402,40.26485305943402,0.0,1,normal,train
normal/00791_normal.png,372.8034461533725,200.3481950779018,26.797946306182425,26.797946306182425,0.0,1,normal,train
noisy/01761_noisy.png,456.5708566395705,138.09251227735257,47.10765415025483,47.10765415025483,-6.306402461616228,1,noisy,train
normal/00331_normal.png,553.3882761657429,405.352933240735,44.09188506897061,44.09188506897061,0.0,1,normal,train
normal/01076_normal.png,42.87373980098625,234.10961962816936,17.614741931808663,17.614741931808663,0.0,1,normal,train
noisy/01602_noisy.png,510.6154238538763,42.07465664911935,36.19336581949189,36.19336581949189,14.037582150652948,1,noisy,train
tilted/01517_tilted.png,175.28605989341193,53.32635275518727,38.94880020379283,18.058187930076944,84.22575264460187,1,tilted,train
noisy/01773_noisy.png,60.49070731169452,210.94246481328196,39.77758520768461,39.77758520768461,-7.725286541277038,1,noisy,train
normal/00037_normal.png,545.9335009005838,181.63811176476187,51.76482405886171,51.76482405886171,0.0,1,normal,train
background/01995_background.png,320.0,240.0,15.0,15.0,0.0,0,background,train
background/01909_background.png,320.0,240.0,15.0,15.0,0.0,0,background,train
normal/00944_normal.png,366.43448209618583,260.9734856767213,15.752967842204766,15.752967842204766,0.0,1,normal,train
normal/00410_normal.png,581.8276926385795,295.7724140173474,22.089771241757557,22.089771241757557,0.0,1,normal,train
normal/01428_normal.png,494.69014976138953,40.59876800069674,25.695964405103464,25.695964405103464,0.0,1,normal,train
normal/00989_normal.png,303.60609168887555,183.25714462246378,23.700423902156366,23.700423902156366,0.0,1,normal,train
noisy/01784_noisy.png,274.1671095550195,388.00129875724724,20.31993362648827,20.31993362648827,10.61338772553282,1,noisy,train
normal/00710_normal.png,64.30208852546113,296.72510302381653,49.63916833512542,49.63916833512542,0.0,1,normal,train
normal/00421_normal.png,252.08042516876608,370.1073837907963,49.94010031792189,49.94010031792189,0.0,1,normal,train
noisy/01636_noisy.png,359.4048238218119,296.9961283475701,42.57628051461255,45.553605658776604,-8.645760483369997,1,noisy,train
noisy/01599_noisy.png,78.98200192052462,168.51145334338705,19.039381801152324,21.657897915955978,1.837061603845072,1,noisy,train
normal/01045_normal.png,354.3084614660269,412.95708335131377,33.759370421309725,33.759370421309725,0.0,1,normal,train
normal/00107_normal.png,127.02450454392688,432.3740306620187,38.93080452391246,38.93080452391246,0.0,1,normal,train
background/01826_background.png,320.0,240.0,15.0,15.0,0.0,0,background,train
normal/00328_normal.png,459.61680679849303,43.47090134699668,17.71163018983924,17.71163018983924,0.0,1,normal,train
normal/00341_normal.png,553.2418273480766,95.08637918481188,35.176957734426196,35.176957734426196,0.0,1,normal,train
noisy/01576_noisy.png,317.30732314557446,216.83724788876827,70.33733100603916,57.343415283059244,-4.9287924727856876,1,noisy,train
normal/01377_normal.png,66.90262111075296,70.4372218775656,48.39857221157899,48.39857221157899,0.0,1,normal,train
normal/00948_normal.png,592.1717656379145,152.14624984024806,21.924954731408597,21.924954731408597,0.0,1,normal,train
normal/00981_normal.png,300.104315068035,76.85034672956147,39.7434874792357,39.7434874792357,0.0,1,normal,train
normal/00503_normal.png,386.27294310679787,163.69281563334312,23.25428523883903,23.25428523883903,0.0,1,normal,train
noisy/01687_noisy.png,213.30505051159184,234.1279640412807,60.528269515807004,45.37714887465542,9.262041043365212,1,noisy,train
normal/00650_normal.png,599.3069535115433,198.0262703553434,24.809548827049603,24.809548827049603,0.0,1,normal,train
background/01844_background.png,320.0,240.0,15.0,15.0,0.0,0,background,train
normal/00599_normal.png,76.77267317280968,78.86324776894084,32.58265354726538,32.58265354726538,0.0,1,normal,train
normal/00185_normal.png,201.5300900342248,429.09605419959854,33.350802604912566,33.350802604912566,0.0,1,normal,train
normal/00284_normal.png,245.31356050326582,139.40567847584094,34.42210991221033,34.42210991221033,0.0,1,normal,train
noisy/01791_noisy.png,113.09192175726454,410.4519476689913,32.33189037855264,32.33189037855264,-3.2788888932944253,1,noisy,train
normal/00452_normal.png,395.4103993355387,320.7296249317398,18.324144380733447,18.324144380733447,0.0,1,normal,train
normal/00667_normal.png,254.65980304451605,325.3245066394187,47.80938698780439,47.80938698780439,0.0,1,normal,train
normal/00531_normal.png,552.1112749564138,365.80757734505266,35.39529429275978,35.39529429275978,0.0,1,normal,train
normal/01347_normal.png,74.50198747758532,144.92040773605157,53.81618005113441,53.81618005113441,0.0,1,normal,train
normal/00179_normal.png,574.5315620813298,343.63930677834776,32.030966191981484,32.030966191981484,0.0,1,normal,train
normal/00774_normal.png,430.59976166261544,156.8164847764409,42.306198336005245,42.306198336005245,0.0,1,normal,train
noisy/01820_noisy.png,352.1401748440418,44.03885691190378,65.34548509548935,39.05370629856685,10.314670606352454,1,noisy,train
noisy/01718_noisy.png,431.80922172031524,177.44635377109898,52.12570883291511,64.46523379141718,-13.821910415295049,1,noisy,train
noisy/01792_noisy.png,470.1524387299813,419.2279346296298,16.276936950213493,16.276936950213493,-10.85683959188728,1,noisy,train
noisy/01610_noisy.png,278.0525354757894,368.2957090467091,46.71118724055141,39.79101074994604,-0.8764890857382088,1,noisy,train
noisy/01679_noisy.png,294.59129098152493,54.812403953266,64.04178307688026,43.97192759566674,8.038880592250578,1,noisy,train
normal/01142_normal.png,172.63700826738724,352.4133467265599,22.965941991405373,22.965941991405373,0.0,1,normal,train
normal/01452_normal.png,501.1727623595122,359.8225584240439,21.354612393802956,21.354612393802956,0.0,1,normal,train
normal/00021_normal.png,305.1010792455742,114.28016416341086,31.96665283407275,31.96665283407275,0.0,1,normal,train
noisy/01801_noisy.png,123.48509788865167,76.02067645552545,50.11325016226255,16.14331273940323,-11.474656275722179,1,noisy,train
normal/00589_normal.png,181.71059650051507,260.44064441965224,25.402477728492777,25.402477728492777,0.0,1,normal,train
normal/00881_normal.png,341.8059550467002,219.35251063818765,31.045445752944744,31.045445752944744,0.0,1,normal,train
normal/00856_normal.png,588.1704237958961,181.5784366109726,41.6575579378546,41.6575579378546,0.0,1,normal,train
normal/00690_normal.png,214.26026019570708,76.93503661130876,19.234059229333567,19.234059229333567,0.0,1,normal,train
normal/01486_normal.png,167.50320667128943,336.60651857246245,27.712955875228147,27.712955875228147,0.0,1,normal,train
normal/01079_normal.png,478.22810329362204,208.8159982892151,38.74023670904212,38.74023670904212,0.0,1,normal,train
normal/00026_normal.png,540.0984504424061,383.2424714961972,29.43455512669352,29.43455512669352,0.0,1,normal,train
normal/00256_normal.png,510.130233301751,291.7516651132339,22.608972807692638,22.608972807692638,0.0,1,normal,train
normal/00618_normal.png,213.28862974242307,138.73285333597974,38.53657181960118,38.53657181960118,0.0,1,normal,train
tilted/01500_tilted.png,487.81352934672526,251.88770178786322,35.5985779098701,33.72885829605229,137.16795093233713,1,tilted,train
normal/00752_normal.png,60.43563259953844,207.30642456489142,42.99930230900342,42.99930230900342,0.0,1,normal,train
normal/00442_normal.png,356.81108841785226,40.13897177763616,49.68698075274825,49.68698075274825,0.0,1,normal,train
normal/00910_normal.png,194.05913401171523,235.98525166692517,28.924596260031237,28.924596260031237,0.0,1,normal,train
normal/01264_normal.png,462.73232679138374,133.282506837234,19.32485839534646,19.32485839534646,0.0,1,normal,train
normal/00612_normal.png,550.2048549785713,416.0250185016744,29.56956104740307,29.56956104740307,0.0,1,normal,train
normal/01208_normal.png,227.9240959469446,234.4357931622672,22.561029530005793,22.561029530005793,0.0,1,normal,train
noisy/01673_noisy.png,585.9894938639461,94.07472492983786,62.41245483298517,24.92837007765388,-10.461784646557268,1,noisy,train
background/01850_background.png,320.0,240.0,15.0,15.0,0.0,0,background,train
background/01884_background.png,320.0,240.0,15.0,15.0,0.0,0,background,train
normal/00512_normal.png,594.8782255145493,111.39829342858026,34.461633680567644,34.461633680567644,0.0,1,normal,train
normal/00278_normal.png,497.0204332890589,67.6182278003561,38.92113619754804,38.92113619754804,0.0,1,normal,train
normal/00965_normal.png,223.4841581280983,167.82835561858536,43.25278390150207,43.25278390150207,0.0,1,normal,train
normal/00412_normal.png,52.939910081505445,164.488757773318,51.73601376166794,51.73601376166794,0.0,1,normal,train
normal/01211_normal.png,570.5154750206186,52.77239265848888,29.937844908660864,29.937844908660864,0.0,1,normal,train
normal/00311_normal.png,395.73995952286083,103.33831841111537,21.167439358097095,21.167439358097095,0.0,1,normal,train
normal/00705_normal.png,223.45498499083584,166.4296613384042,17.835600742044686,17.835600742044686,0.0,1,normal,train
normal/00479_normal.png,256.99208915776137,295.7327374594387,26.78405872224399,26.78405872224399,0.0,1,normal,train
normal/01269_normal.png,361.4725696921573,316.21222943175934,22.241416120463718,22.241416120463718,0.0,1,normal,train
normal/01250_normal.png,220.8087409071454,182.65960053001052,46.25091722080792,46.25091722080792,0.0,1,normal,train
normal/00295_normal.png,503.61344463198634,206.434325177191,40.230659143298936,40.230659143298936,0.0,1,normal,train
normal/00943_normal.png,96.1371249240982,387.6333233037519,41.051544402003984,41.051544402003984,0.0,1,normal,train
normal/01072_normal.png,530.1902468649846,151.68911347575812,37.30427662719603,37.30427662719603,0.0,1,normal,train
normal/01463_normal.png,281.55117857884625,47.09459320638719,25.502931280259318,25.502931280259318,0.0,1,normal,train
normal/00766_normal.png,511.3482833527206,288.84705760682925,26.77602241107549,26.77602241107549,0.0,1,normal,train
normal/00609_normal.png,137.3013197022449,280.50221357814576,25.979111631150534,25.979111631150534,0.0,1,normal,train
normal/00314_normal.png,296.8439807482374,423.8872890861238,42.85955156304192,42.85955156304192,0.0,1,normal,train
normal/00811_normal.png,587.4385578545023,374.0813254470709,16.27394387734347,16.27394387734347,0.0,1,normal,train
normal/00169_normal.png,216.695210136185,152.58542723432362,23.826278776241836,23.826278776241836,0.0,1,normal,train
background/01981_background.png,320.0,240.0,15.0,15.0,0.0,0,background,train
normal/01488_normal.png,478.9955324224965,44.795044676861025,27.460117210286825,27.460117210286825,0.0,1,normal,train
noisy/01704_noisy.png,427.831460980132,434.5963820043771,52.90912901531723,52.90912901531723,-10.520899841922208,1,noisy,train
normal/00846_normal.png,235.92667050336908,336.85056822076643,34.10599439932931,34.10599439932931,0.0,1,normal,train
normal/00272_normal.png,261.81359465388425,333.9778876369201,53.362834678272996,53.362834678272996,0.0,1,normal,train
normal/00930_normal.png,155.52078822743124,175.85622625449406,22.73887506351968,22.73887506351968,0.0,1,normal,train
normal/00152_normal.png,269.76047361080214,138.8839191815515,18.237538873928145,18.237538873928145,0.0,1,normal,train
noisy/01770_noisy.png,358.0048933508929,216.85593227378735,23.279117095824574,22.043263729521982,-3.812005887480483,1,noisy,train
normal/00230_normal.png,384.53698940512635,397.15359529034845,39.967370902191504,39.967370902191504,0.0,1,normal,train
tilted/01524_tilted.png,144.50425507880072,202.7754335111212,31.474525377008103,49.47699860468103,23.84655128622974,1,tilted,train
noisy/01608_noisy.png,499.5498235937676,323.9287393108353,45.24092508110782,45.24092508110782,4.624870184096672,1,noisy,train
background/01860_background.png,320.0,240.0,15.0,15.0,0.0,0,background,train
normal/00202_normal.png,190.794433916403,420.51168240623525,38.56290644529595,38.56290644529595,0.0,1,normal,train
noisy/01678_noisy.png,528.2414089192011,137.31150095974687,22.958230264999457,68.57842640026563,-7.8575883199089205,1,noisy,train
normal/00823_normal.png,335.98491815228874,308.87428181448615,29.505978592715195,29.505978592715195,0.0,1,normal,train
background/01870_background.png,320.0,240.0,15.0,15.0,0.0,0,background,train
normal/00603_normal.png,348.11970963461044,235.33372949175717,38.11660891730864,38.11660891730864,0.0,1,normal,train
normal/00640_normal.png,166.30851107926748,365.30073022539597,25.388372105365278,25.388372105365278,0.0,1,normal,train
tilted/01570_tilted.png,60.58796698508491,277.7655060787024,36.57932439559066,80.38652567322774,88.53956528728705,1,tilted,train
normal/01237_normal.png,464.9304655983071,84.5566835638156,44.30378939596889,44.30378939596889,0.0,1,normal,train
noisy/01696_noisy.png,388.138659023239,334.2188880353779,33.00173897315186,41.26918313099931,-4.657372353226773,1,noisy,train
background/01886_background.png,320.0,240.0,15.0,15.0,0.0,0,background,train
normal/00239_normal.png,447.58607390901017,185.90836887144945,32.104798382407346,32.104798382407346,0.0,1,normal,train
normal/00703_normal.png,470.42901271063533,141.25007308409275,53.64199424828833,53.64199424828833,0.0,1,normal,train
normal/00072_normal.png,515.839293834142,329.6410453249501,48.46134578301821,48.46134578301821,0.0,1,normal,train
normal/01105_normal.png,365.05026882680767,361.1932440956429,35.579550817982955,35.579550817982955,0.0,1,normal,train
background/01913_background.png,320.0,240.0,15.0,15.0,0.0,0,background,train
normal/00590_normal.png,496.4295329804822,225.06039395706387,42.80409480877586,42.80409480877586,0.0,1,normal,train
normal/00474_normal.png,357.9434694293236,338.8284096123107,25.03332879817527,25.03332879817527,0.0,1,normal,train
normal/00066_normal.png,396.41821260506254,169.04196633932315,41.538658606253286,41.538658606253286,0.0,1,normal,train
normal/00596_normal.png,248.86298012998014,119.49763690084355,25.129095302631615,25.129095302631615,0.0,1,normal,train
normal/00962_normal.png,331.38692838050054,358.1352892925536,34.98243986424322,34.98243986424322,0.0,1,normal,train
normal/01048_normal.png,338.0437133988842,201.44357398876372,20.016067377528067,20.016067377528067,0.0,1,normal,train
normal/01387_normal.png,94.92073405613577,49.048785461927665,38.54236357641661,38.54236357641661,0.0,1,normal,train
normal/00005_normal.png,375.00994821225305,169.6884445242369,44.72719813110821,44.72719813110821,0.0,1,normal,train
normal/00320_normal.png,567.2360947546567,335.9020719999965,51.24592306911562,51.24592306911562,0.0,1,normal,train
normal/00153_normal.png,352.72038222258965,346.06137004736706,29.926009626771794,29.926009626771794,0.0,1,normal,train
normal/00355_normal.png,339.41759582997236,352.4333585670024,50.27352895746536,50.27352895746536,0.0,1,normal,train
normal/00491_normal.png,547.6971646193792,380.41893328355644,27.722437510214437,27.722437510214437,0.0,1,normal,train
normal/00321_normal.png,324.3662219594187,325.42664001332844,30.78796992609677,30.78796992609677,0.0,1,normal,train
normal/00166_normal.png,185.26092828252413,418.2550071589065,16.605971980443528,16.605971980443528,0.0,1,normal,train
tilted/01530_tilted.png,368.75277092171166,381.30827959059565,46.9586192000766,78.95297205008303,61.07827464346368,1,tilted,train
background/01865_background.png,320.0,240.0,15.0,15.0,0.0,0,background,train
normal/00425_normal.png,476.67040899955765,153.06953396343667,38.026380257992955,38.026380257992955,0.0,1,normal,train
normal/00203_normal.png,411.5523688657181,307.4133212656301,18.3019560532542,18.3019560532542,0.0,1,normal,train
normal/00123_normal.png,244.93478244081166,193.10960482290398,49.81393019715518,49.81393019715518,0.0,1,normal,train
normal/01497_normal.png,513.278664439591,221.67382191870445,53.14563199498415,53.14563199498415,0.0,1,normal,train
normal/00878_normal.png,238.10738943785714,394.90426313291806,33.26164807649498,33.26164807649498,0.0,1,normal,train
normal/00608_normal.png,379.0470853986909,182.8797624744885,32.28684013287975,32.28684013287975,0.0,1,normal,train
noisy/01783_noisy.png,565.7742276344277,418.12770383094954,49.6275810585274,58.6561466985022,0.5750446002951204,1,noisy,train
normal/00922_normal.png,349.6544054389239,365.5519472506166,37.414764566341546,37.414764566341546,0.0,1,normal,train
normal/01262_normal.png,192.31259459272704,383.50842679740697,39.877560857120216,39.877560857120216,0.0,1,normal,train
normal/00462_normal.png,149.66582260063598,85.40228488767148,47.74415246549488,47.74415246549488,0.0,1,normal,train
normal/00852_normal.png,197.5862652423707,131.0400556371236,51.37080596403924,51.37080596403924,0.0,1,normal,train
normal/00242_normal.png,494.38266047084977,435.7430058269735,29.8894550593891,29.8894550593891,0.0,1,normal,train
normal/01457_normal.png,343.5057083916263,275.95614591022326,39.55410567767457,39.55410567767457,0.0,1,normal,train
normal/00174_normal.png,137.65439359850484,394.25750816223876,15.276917428696123,15.276917428696123,0.0,1,normal,train
noisy/01700_noisy.png,115.079690243999,438.44026603276126,46.2980301209368,46.2980301209368,8.204205139789483,1,noisy,train
normal/01490_normal.png,359.64971994828403,103.5452362274425,46.03181747746906,46.03181747746906,0.0,1,normal,train
normal/00310_normal.png,481.56304389455954,362.9977058592614,17.21276050675398,17.21276050675398,0.0,1,normal,train
normal/00109_normal.png,61.07219379824684,418.110276695279,35.57409537584584,35.57409537584584,0.0,1,normal,train
normal/00151_normal.png,392.98944641080743,252.56297698161782,37.88445998093596,37.88445998093596,0.0,1,normal,train
normal/01007_normal.png,456.8009395554953,240.28741513164974,39.96421599547137,39.96421599547137,0.0,1,normal,train
normal/00820_normal.png,416.5772998542613,55.48517653416162,21.60426357285176,21.60426357285176,0.0,1,normal,train
normal/00133_normal.png,273.5698034224529,80.86626415173033,34.93997901967033,34.93997901967033,0.0,1,normal,train
normal/00233_normal.png,392.44773806028894,429.6726420177965,49.9007372274183,49.9007372274183,0.0,1,normal,train
normal/00978_normal.png,503.3567585502683,131.60283971575228,40.87206157590546,40.87206157590546,0.0,1,normal,train
normal/00517_normal.png,277.0592605450282,385.32130505069125,45.16268277953893,45.16268277953893,0.0,1,normal,train
normal/00105_normal.png,247.9459883598571,408.488376674177,28.74757901691217,28.74757901691217,0.0,1,normal,train
normal/00377_normal.png,84.50640977888021,402.05661710417235,37.0960935671242,37.0960935671242,0.0,1,normal,train
tilted/01526_tilted.png,353.1129378913253,248.02243970534028,78.23555879674089,68.63972559201716,144.5422482910273,1,tilted,train
normal/00902_normal.png,41.87188317551203,337.2238511137676,27.504753403727157,27.504753403727157,0.0,1,normal,train
normal/00980_normal.png,156.32262180205788,419.050130447653,27.437555046937767,27.437555046937767,0.0,1,normal,train
normal/00961_normal.png,370.6363585827637,168.8458916732527,40.469162497031235,40.469162497031235,0.0,1,normal,train
normal/00582_normal.png,416.6635839380435,393.0157545919734,26.68030629767725,26.68030629767725,0.0,1,normal,train
normal/01167_normal.png,533.8494045208467,107.85051032596185,28.85515476163834,28.85515476163834,0.0,1,normal,train
normal/01472_normal.png,256.36906635052753,102.24919954931977,33.53940884193344,33.53940884193344,0.0,1,normal,train
normal/01121_normal.png,122.90019818079604,312.67216673008124,31.568784169703417,31.568784169703417,0.0,1,normal,train
normal/01201_normal.png,553.4116288332767,89.57211251313916,28.63334608373241,28.63334608373241,0.0,1,normal,train
normal/00598_normal.png,382.21349305294774,424.3217433142237,51.38693730176018,51.38693730176018,0.0,1,normal,train
normal/00111_normal.png,355.2664670715254,285.4387016769274,22.470915791825078,22.470915791825078,0.0,1,normal,train
background/01919_background.png,320.0,240.0,15.0,15.0,0.0,0,background,train
normal/00561_normal.png,325.69683951449144,202.79696421881548,45.76578456255479,45.76578456255479,0.0,1,normal,train
normal/00259_normal.png,433.97486710744664,255.17085525208083,51.86224969069616,51.86224969069616,0.0,1,normal,train
normal/00028_normal.png,362.08817294628983,108.85404564592702,22.445085400625516,22.445085400625516,0.0,1,normal,train
tilted/01541_tilted.png,360.6150216331676,209.99248446090155,51.01783803267059,67.58887069883966,113.85421135706665,1,tilted,train
normal/01461_normal.png,494.9378787725932,387.7427033126045,42.828567859885226,42.828567859885226,0.0,1,normal,train
normal/00739_normal.png,587.0183096072903,243.84796306235023,49.506468311802486,49.506468311802486,0.0,1,normal,train
normal/00465_normal.png,564.8760879265557,253.3288126105279,39.22167400711746,39.22167400711746,0.0,1,normal,train
normal/00606_normal.png,352.6480202567716,275.35433758749457,24.57175178570754,24.57175178570754,0.0,1,normal,train
normal/00397_normal.png,462.22399597507996,437.101789590791,28.510199824880374,28.510199824880374,0.0,1,normal,train
normal/00205_normal.png,423.4711731174424,63.92354164640081,42.386826109878044,42.386826109878044,0.0,1,normal,train
normal/00579_normal.png,409.29188536775035,300.3368262153904,39.48495455802674,39.48495455802674,0.0,1,normal,train
normal/01074_normal.png,403.10642595779734,353.5472054495226,24.798485756724816,24.798485756724816,0.0,1,normal,train
tilted/01507_tilted.png,144.7580497086817,342.16329897143777,39.19596203422388,57.27825499329347,30.910856818632055,1,tilted,train
normal/00991_normal.png,496.57018880987425,173.50782065372195,25.746064619488706,25.746064619488706,0.0,1,normal,train
normal/00443_normal.png,191.15495702771423,140.60148929351644,27.67984044475281,27.67984044475281,0.0,1,normal,train
normal/01381_normal.png,250.61372594842382,199.99542949663206,18.459660421123576,18.459660421123576,0.0,1,normal,train
normal/00379_normal.png,555.2385968458258,186.79930626686334,27.55934013640622,27.55934013640622,0.0,1,normal,train
normal/00244_normal.png,341.8883224976657,123.25756248992965,41.75221368202298,41.75221368202298,0.0,1,normal,train
background/01869_background.png,320.0,240.0,15.0,15.0,0.0,0,background,train
normal/00394_normal.png,353.893634043691,187.26720129407215,38.180616764214236,38.180616764214236,0.0,1,normal,train
normal/01177_normal.png,248.52940843794494,377.5352260172108,51.71277511463041,51.71277511463041,0.0,1,normal,train
normal/00472_normal.png,243.2199008225606,244.5842228565784,36.7045572169619,36.7045572169619,0.0,1,normal,train
tilted/01512_tilted.png,477.0603257699132,162.8371888846296,31.557560643680926,54.70712370006117,85.01058369671014,1,tilted,train
normal/01113_normal.png,464.4769701143968,180.33567567220274,26.408439346145784,26.408439346145784,0.0,1,normal,train
normal/00554_normal.png,262.3196695769169,349.991612026633,53.93306579922909,53.93306579922909,0.0,1,normal,train
noisy/01798_noisy.png,558.9027294115806,47.29686605447269,22.465559849706622,22.465559849706622,4.945177472482964,1,noisy,train
normal/01259_normal.png,575.2524431555429,94.3000567128133,42.69488469386138,42.69488469386138,0.0,1,normal,train
normal/01273_normal.png,591.3085223734847,284.5789354567612,23.52013134091471,23.52013134091471,0.0,1,normal,train
normal/00871_normal.png,531.9990219839381,327.21774571218293,25.457539535741383,25.457539535741383,0.0,1,normal,train
background/01943_background.png,320.0,240.0,15.0,15.0,0.0,0,background,train
noisy/01804_noisy.png,550.4940531574384,59.67809710268354,20.113040981010116,20.113040981010116,-0.5810176021325848,1,noisy,train
normal/01200_normal.png,421.9248261994032,127.08104815623324,25.78168323098123,25.78168323098123,0.0,1,normal,train
normal/01194_normal.png,302.4013155592535,432.515777551732,26.971425838599608,26.971425838599608,0.0,1,normal,train
normal/00627_normal.png,108.54656233580276,83.29442000133814,27.897713631940313,27.897713631940313,0.0,1,normal,train
normal/00498_normal.png,506.3959612978482,190.44022874463576,53.781253926409235,53.781253926409235,0.0,1,normal,train
normal/01243_normal.png,437.67282390433854,58.39499798040105,46.1107706509684,46.1107706509684,0.0,1,normal,train
normal/00453_normal.png,93.17947186944893,346.99302492069825,21.646079029143213,21.646079029143213,0.0,1,normal,train
normal/00602_normal.png,475.31289843961633,352.7540614590847,41.788400941922504,41.788400941922504,0.0,1,normal,train
normal/00190_normal.png,329.5159256237596,418.0427036584366,36.30572934577191,36.30572934577191,0.0,1,normal,train
normal/00035_normal.png,232.25898843391684,244.37409860881166,17.7119439656802,17.7119439656802,0.0,1,normal,train
normal/00917_normal.png,100.98854550636241,71.37278315770126,44.402044893173944,44.402044893173944,0.0,1,normal,train
normal/01005_normal.png,535.9173224850467,88.11298534600587,24.59686267900075,24.59686267900075,0.0,1,normal,train
normal/00975_normal.png,182.1958470170073,262.9618495463498,44.07535614133767,44.07535614133767,0.0,1,normal,train
normal/00492_normal.png,332.8820777393687,160.40017253196396,18.060550159295925,18.060550159295925,0.0,1,normal,train
tilted/01513_tilted.png,592.0561613437671,215.9647649441895,41.56435475760344,37.79209851016781,48.66158049313532,1,tilted,train
tilted/01527_tilted.png,593.9067480741592,332.4886624361748,75.87867431185346,55.1259003758524,150.91282795989525,1,tilted,train
normal/00494_normal.png,448.50855339859123,399.0818824431422,51.667238735889434,51.667238735889434,0.0,1,normal,train
noisy/01757_noisy.png,497.25045190246266,327.9228087383131,68.85681706758697,55.704189413467034,-10.280173592185013,1,noisy,train
normal/00391_normal.png,289.5444012608526,82.3434455658918,51.621642014288575,51.621642014288575,0.0,1,normal,train
normal/01058_normal.png,275.47291271216056,89.83675528869642,24.136304154429844,24.136304154429844,0.0,1,normal,train
normal/00020_normal.png,406.93363548734266,222.65819478844767,51.84466644655048,51.84466644655048,0.0,1,normal,train
normal/00565_normal.png,199.22800112887407,78.92868924582378,53.41470185668846,53.41470185668846,0.0,1,normal,train
normal/00572_normal.png,131.9815622258302,50.20612002971468,40.83414851174061,40.83414851174061,0.0,1,normal,train
normal/00697_normal.png,164.5142725717152,382.21910047950513,47.93539659080406,47.93539659080406,0.0,1,normal,train
normal/00529_normal.png,251.59256537516188,74.23660314971953,43.98415230060744,43.98415230060744,0.0,1,normal,train
normal/00726_normal.png,108.9469266668671,77.82963072350016,37.06431857854383,37.06431857854383,0.0,1,normal,train
normal/00434_normal.png,526.7383482216786,348.75310889249954,49.00733248291144,49.00733248291144,0.0,1,normal,train
normal/00998_normal.png,221.1509771405345,190.67777098129747,23.47732142991783,23.47732142991783,0.0,1,normal,train
normal/01229_normal.png,519.1114742695454,323.55925079164575,51.117651070422085,51.117651070422085,0.0,1,normal,train
normal/00665_normal.png,551.667753475185,421.5259261976814,28.293423904404435,28.293423904404435,0.0,1,normal,train
noisy/01729_noisy.png,393.45723619352225,124.8812587221238,18.792887981151384,30.96643285837588,14.728008912302858,1,noisy,train
normal/00058_normal.png,500.5136063136551,184.03407980355985,38.96843044212034,38.96843044212034,0.0,1,normal,train
normal/01244_normal.png,560.8567738173788,172.18724533620744,51.56008672202801,51.56008672202801,0.0,1,normal,train
noisy/01819_noisy.png,98.42653807517294,314.72585349692446,35.48227945204488,35.48227945204488,10.300723887933788,1,noisy,train
normal/01433_normal.png,275.9415934302558,160.6864500249988,53.382227961169896,53.382227961169896,0.0,1,normal,train
normal/01328_normal.png,454.5019720402484,408.8216918486664,47.46869840250651,47.46869840250651,0.0,1,normal,train
normal/00923_normal.png,170.76860785430446,102.85151003151763,15.411588843694602,15.411588843694602,0.0,1,normal,train
normal/01435_normal.png,211.87908692292547,200.98864005263306,49.091246319732676,49.091246319732676,0.0,1,normal,train
normal/00177_normal.png,220.63017845384348,227.0516537160789,19.32003812479782,19.32003812479782,0.0,1,normal,train
normal/00502_normal.png,69.55204316637449,92.10215729352629,37.23373921909868,37.23373921909868,0.0,1,normal,train
normal/00660_normal.png,447.2039480934158,401.04312256599985,49.70925595010484,49.70925595010484,0.0,1,normal,train
normal/00549_normal.png,437.3389645519679,237.7309721846836,36.76329568132269,36.76329568132269,0.0,1,normal,train
normal/01248_normal.png,365.5655890478446,326.1722118293097,48.50288297628371,48.50288297628371,0.0,1,normal,train
normal/01265_normal.png,364.54885593448125,376.31224475994924,15.054553651161358,15.054553651161358,0.0,1,normal,train
normal/00990_normal.png,442.1286905673671,384.6898264139492,19.050753447516126,19.050753447516126,0.0,1,normal,train
normal/01255_normal.png,42.07363467020437,93.90908205431498,38.59487013774351,38.59487013774351,0.0,1,normal,train
normal/00553_normal.png,294.0449894846721,117.97978296317058,44.186399183440386,44.186399183440386,0.0,1,normal,train
normal/01068_normal.png,108.9089101763374,416.69304900892325,28.507727194928087,28.507727194928087,0.0,1,normal,train
normal/01322_normal.png,388.25162474595913,71.56715170361144,16.28985369067288,16.28985369067288,0.0,1,normal,train
normal/00891_normal.png,334.92566735599115,238.91628699470184,39.0823083532771,39.0823083532771,0.0,1,normal,train
noisy/01779_noisy.png,511.0864426599331,335.5461513140363,39.059441491672786,39.059441491672786,1.274196307843713,1,noisy,train
normal/00941_normal.png,66.20172592952335,411.601658802721,53.12641811700693,53.12641811700693,0.0,1,normal,train
background/01839_background.png,320.0,240.0,15.0,15.0,0.0,0,background,train
normal/00887_normal.png,454.382933690596,431.32657150685276,28.458977219849423,28.458977219849423,0.0,1,normal,train
normal/00216_normal.png,116.48008401215763,395.18635872520304,38.31730904939441,38.31730904939441,0.0,1,normal,train
normal/01003_normal.png,133.29702073563033,108.33845559079262,50.7192601757389,50.7192601757389,0.0,1,normal,train
normal/01267_normal.png,370.14307601128036,232.98248396798914,45.978635681781654,45.978635681781654,0.0,1,normal,train
normal/00025_normal.png,136.6021636779516,104.74863234295252,36.18948186071036,36.18948186071036,0.0,1,normal,train
normal/00698_normal.png,534.0938004862694,235.79195026888772,30.515322161335604,30.515322161335604,0.0,1,normal,train
tilted/01553_tilted.png,189.96117723729017,309.05784397463333,44.34159345776821,28.675508281951995,115.8020389379636,1,tilted,train
noisy/01753_noisy.png,420.22188320520667,175.54428717261203,46.64034395089418,46.64034395089418,-9.863560824689335,1,noisy,train
background/01902_background.png,320.0,240.0,15.0,15.0,0.0,0,background,train
background/01976_background.png,320.0,240.0,15.0,15.0,0.0,0,background,train
normal/01091_normal.png,307.1618771536467,431.7126864476239,29.93632138413207,29.93632138413207,0.0,1,normal,train
normal/00711_normal.png,463.2965713856334,223.0206888489931,35.8954905514089,35.8954905514089,0.0,1,normal,train
normal/00084_normal.png,348.4791061797774,349.962453574615,41.63392523043893,41.63392523043893,0.0,1,normal,train
normal/01159_normal.png,347.26118227843546,198.71469212885893,34.49227829852954,34.49227829852954,0.0,1,normal,train
noisy/01724_noisy.png,386.6946012884038,240.93084310547536,46.68413301115419,29.10874232939296,14.518887516126252,1,noisy,train
normal/00617_normal.png,375.24978324329714,122.31482344971673,20.57367499974628,20.57367499974628,0.0,1,normal,train
normal/00208_normal.png,496.5114804804478,328.97878890527977,26.483216224432624,26.483216224432624,0.0,1,normal,train
noisy/01691_noisy.png,160.63590495128662,260.4047271905415,54.28205295011803,31.556497945559546,-13.147988365288946,1,noisy,train
normal/00155_normal.png,160.66147399176447,95.41205175032529,24.26791614650463,24.26791614650463,0.0,1,normal,train
normal/00406_normal.png,420.2366004764322,146.86687820630254,50.883874900869344,50.883874900869344,0.0,1,normal,train
normal/00812_normal.png,56.91859935534099,217.13497018980914,36.09510894898517,36.09510894898517,0.0,1,normal,train
normal/00768_normal.png,85.13826188236273,162.81934745110846,50.33121085660666,50.33121085660666,0.0,1,normal,train
normal/01263_normal.png,81.79769991790414,116.87793305956494,48.46091846394573,48.46091846394573,0.0,1,normal,train
noisy/01732_noisy.png,373.6277576142848,349.7828217734666,52.078836457254276,46.970880239438046,5.479645061813404,1,noisy,train
normal/00052_normal.png,510.4596505791379,131.0380201555667,35.47006265154462,35.47006265154462,0.0,1,normal,train
noisy/01588_noisy.png,186.34146608786222,343.0510862448419,44.944072072143015,44.944072072143015,-11.273106750080066,1,noisy,train
normal/01453_normal.png,142.12828266898856,57.93446901264395,16.13946650959874,16.13946650959874,0.0,1,normal,train
normal/00637_normal.png,532.8685573609475,246.41880986269183,51.30394732149421,51.30394732149421,0.0,1,normal,train
normal/00335_normal.png,595.0558486741909,211.98154447356936,41.12481798889846,41.12481798889846,0.0,1,normal,train
normal/01199_normal.png,169.0970886271769,313.8922544482285,51.46613993353618,51.46613993353618,0.0,1,normal,train
normal/00343_normal.png,477.22524938318344,316.3826474438856,47.068555616779804,47.068555616779804,0.0,1,normal,train
normal/00755_normal.png,214.42914259276188,113.4186256874788,33.35418807792139,33.35418807792139,0.0,1,normal,train
normal/00524_normal.png,308.382653298441,344.21499568188415,20.916438457460693,20.916438457460693,0.0,1,normal,train
normal/01362_normal.png,573.8703157944153,164.9505210135049,38.38249850332947,38.38249850332947,0.0,1,normal,train
normal/00446_normal.png,390.04742143993434,73.27347760427145,29.45207670577235,29.45207670577235,0.0,1,normal,train
normal/01253_normal.png,434.3200412009923,245.78441026463915,34.677174777725966,34.677174777725966,0.0,1,normal,train
noisy/01810_noisy.png,410.20065223894426,378.050169686935,31.3041717331867,60.99134816651828,-11.000172880761218,1,noisy,train
normal/01357_normal.png,380.2705193614121,361.14130061385544,40.103662469677516,40.103662469677516,0.0,1,normal,train
normal/00258_normal.png,442.9957862493889,75.15188148324127,52.790090180843634,52.790090180843634,0.0,1,normal,train
tilted/01572_tilted.png,316.7408469037813,118.28369277583258,52.5708556635989,62.91327214281451,29.4326045353038,1,tilted,train
normal/01278_normal.png,559.4115292311335,332.3695758620236,28.72480626664516,28.72480626664516,0.0,1,normal,train
normal/00041_normal.png,102.51790143335101,334.29441033562017,16.700471650730268,16.700471650730268,0.0,1,normal,train
normal/01448_normal.png,315.38594780974125,247.50034577650166,28.30715277774143,28.30715277774143,0.0,1,normal,train
background/01988_background.png,320.0,240.0,15.0,15.0,0.0,0,background,train
normal/00063_normal.png,584.4664402583054,426.652477211953,31.219008911359435,31.219008911359435,0.0,1,normal,train
normal/00082_normal.png,413.82734531159923,104.63944836265809,53.33162071917646,53.33162071917646,0.0,1,normal,train
tilted/01549_tilted.png,55.02130774156744,317.5728839852488,28.14649121902616,40.19394836093744,18.92502981758307,1,tilted,train
normal/00459_normal.png,361.45631192860657,325.59297375191136,29.511318728635377,29.511318728635377,0.0,1,normal,train
normal/01446_normal.png,122.8702318872638,258.13065604177757,31.867877921922645,31.867877921922645,0.0,1,normal,train
normal/00106_normal.png,137.1716214530332,71.2568228734563,30.829623667463423,30.829623667463423,0.0,1,normal,train
noisy/01697_noisy.png,196.11600908589264,220.78973117677512,37.29043494933154,61.8091207089392,-10.02281588480391,1,noisy,train
noisy/01768_noisy.png,249.7963833768304,234.29047400207278,56.40990439262768,59.864847631499686,8.554099427567117,1,noisy,train
normal/01450_normal.png,496.9652092308326,395.87093010739255,25.35020157852683,25.35020157852683,0.0,1,normal,train
noisy/01584_noisy.png,138.37467061892926,216.45861680952865,47.919755423451726,71.37531737643607,5.088809667607876,1,noisy,train
normal/00516_normal.png,547.1615065085668,83.9193863613772,53.020002052597185,53.020002052597185,0.0,1,normal,train
normal/00863_normal.png,115.78435655825889,254.2600163909046,21.98119829242117,21.98119829242117,0.0,1,normal,train
background/01908_background.png,320.0,240.0,15.0,15.0,0.0,0,background,train
noisy/01771_noisy.png,319.89032611658297,232.37770598833183,61.278550279832714,61.278550279832714,6.676458293133756,1,noisy,train
normal/00691_normal.png,501.6928303309094,370.3894706993793,26.83224761341102,26.83224761341102,0.0,1,normal,train
normal/00669_normal.png,581.1547358283393,41.88261295735366,53.426499792434136,53.426499792434136,0.0,1,normal,train
noisy/01629_noisy.png,580.0311311393834,184.8133658451014,27.396966093593054,27.396966093593054,-1.2082706853242087,1,noisy,train
noisy/01739_noisy.png,333.6268566634977,48.94502564307054,64.26181008931226,64.26181008931226,13.844360505346039,1,noisy,train
normal/00670_normal.png,572.8717405335481,292.69272564599464,33.02521224949062,33.02521224949062,0.0,1,normal,train
normal/01378_normal.png,591.4433394401748,220.27751422356,44.874984621976736,44.874984621976736,0.0,1,normal,train
normal/00532_normal.png,71.18267119542753,396.7140246014348,22.9967233627042,22.9967233627042,0.0,1,normal,train
normal/01319_normal.png,501.1943658311995,216.644816198594,29.225741858813226,29.225741858813226,0.0,1,normal,train
normal/00372_normal.png,90.69847904302468,426.13765771909175,46.079991880325295,46.079991880325295,0.0,1,normal,train
normal/00945_normal.png,582.2761733174168,403.22477648072106,47.186311453193895,47.186311453193895,0.0,1,normal,train
normal/00277_normal.png,278.8795282535225,299.6815556434918,33.182325771301564,33.182325771301564,0.0,1,normal,train
background/01843_background.png,320.0,240.0,15.0,15.0,0.0,0,background,train
normal/00171_normal.png,106.43217153175635,332.8497207113499,33.800944457478344,33.800944457478344,0.0,1,normal,train
tilted/01522_tilted.png,343.43625366618005,358.3396498682629,29.713832079166806,48.88921527823789,79.75955563883659,1,tilted,train
normal/01155_normal.png,580.6800106934473,311.048755302695,46.366181864268704,46.366181864268704,0.0,1,normal,train
normal/01212_normal.png,364.558897517063,245.15914136134344,36.18084350029937,36.18084350029937,0.0,1,normal,train
normal/00806_normal.png,49.70802441122416,165.7048166430943,34.886374762504836,34.886374762504836,0.0,1,normal,train
normal/00055_normal.png,295.6723518521699,274.3171806678148,24.9748726230654,24.9748726230654,0.0,1,normal,train
background/01890_background.png,320.0,240.0,15.0,15.0,0.0,0,background,train
normal/01482_normal.png,166.62233602934032,249.80571398587838,25.604940298637366,25.604940298637366,0.0,1,normal,train
normal/00957_normal.png,349.6339856577923,334.5513553519078,16.169747105963317,16.169747105963317,0.0,1,normal,train
noisy/01744_noisy.png,130.1171566280978,249.2920127117207,42.430623669705525,42.430623669705525,-9.344447704266074,1,noisy,train
normal/00828_normal.png,162.2901466749928,271.4806302924958,21.08615299745304,21.08615299745304,0.0,1,normal,train
normal/00688_normal.png,107.73731042664564,429.9895646356356,34.61084606399207,34.61084606399207,0.0,1,normal,train
normal/00796_normal.png,511.91875778569346,405.7554682158193,44.38110401353475,44.38110401353475,0.0,1,normal,train
normal/00059_normal.png,540.3638776089905,123.34017490624439,41.774390630428115,41.774390630428115,0.0,1,normal,train
noisy/01641_noisy.png,59.381689495120696,172.61172793723864,47.92048863068649,21.936959711254634,0.3056239103137255,1,noisy,train
normal/00892_normal.png,325.25072440344934,414.1070134121218,46.4092752249681,46.4092752249681,0.0,1,normal,train
normal/00558_normal.png,460.51721517295476,91.05699491856943,43.139159985313555,43.139159985313555,0.0,1,normal,train
background/01842_background.png,320.0,240.0,15.0,15.0,0.0,0,background,train
normal/00999_normal.png,528.2373013771391,204.8201151593112,16.109599274143434,16.109599274143434,0.0,1,normal,train
noisy/01714_noisy.png,501.68536913953307,137.1229173011655,53.63569106475707,53.63569106475707,1.5839954702853447,1,noisy,train
normal/01235_normal.png,223.73706973023855,385.15379652232576,23.68539531259592,23.68539531259592,0.0,1,normal,train
normal/01118_normal.png,599.1697769091377,136.0941135771176,39.76042488705544,39.76042488705544,0.0,1,normal,train
normal/01403_normal.png,583.79993449136,77.55082958971632,15.281703937714314,15.281703937714314,0.0,1,normal,train
background/01916_background.png,320.0,240.0,15.0,15.0,0.0,0,background,train
normal/00798_normal.png,109.61797650907862,429.5926544889387,51.630144037976116,51.630144037976116,0.0,1,normal,train
noisy/01785_noisy.png,133.5713669303293,352.43693543917954,49.78428193100098,49.78428193100098,7.3058489463439535,1,noisy,train
normal/00720_normal.png,189.60886917333553,289.1900310229304,44.43806068474064,44.43806068474064,0.0,1,normal,train
normal/00012_normal.png,327.09686178096354,412.86721053571677,30.931674898932037,30.931674898932037,0.0,1,normal,train
noisy/01631_noisy.png,593.2454094432874,367.4901393317897,63.575669102736526,63.575669102736526,11.329488500432994,1,noisy,train
normal/00779_normal.png,329.0729688167247,278.4474119510679,31.227936809918788,31.227936809918788,0.0,1,normal,train
normal/01179_normal.png,599.4271619990931,174.71499142214861,53.722898197248476,53.722898197248476,0.0,1,normal,train
normal/00040_normal.png,441.98988930909377,195.15766847042997,28.478943697152012,28.478943697152012,0.0,1,normal,train
noisy/01690_noisy.png,307.4317470013184,263.8881440604575,51.06027880246759,51.06027880246759,-13.221835185799602,1,noisy,train
normal/00797_normal.png,126.7201543692509,304.61494097045033,27.294960504276503,27.294960504276503,0.0,1,normal,train
normal/00860_normal.png,584.2297849539975,399.288526742917,41.28685947065982,41.28685947065982,0.0,1,normal,train
normal/00423_normal.png,292.89007747888513,338.2019854982908,17.281920601885364,17.281920601885364,0.0,1,normal,train
normal/00127_normal.png,192.39218526608667,418.08138375450255,22.146803021550905,22.146803021550905,0.0,1,normal,train
normal/00851_normal.png,446.8260251745463,410.6957736788598,19.95415072971199,19.95415072971199,0.0,1,normal,train
normal/00954_normal.png,392.8127524839224,433.708270147774,40.85946510678966,40.85946510678966,0.0,1,normal,train
normal/01111_normal.png,284.8213226569146,306.14607142650686,21.874766755845993,21.874766755845993,0.0,1,normal,train
normal/00677_normal.png,72.1497400457896,142.1196503371279,51.71077093461164,51.71077093461164,0.0,1,normal,train
normal/00834_normal.png,205.0898227295434,359.44046531878575,31.585439111400635,31.585439111400635,0.0,1,normal,train
normal/00849_normal.png,76.15648096489068,97.46036689524789,44.41511619554706,44.41511619554706,0.0,1,normal,train
noisy/01721_noisy.png,571.9861872604598,315.22117724315467,59.176832479786654,32.127859407068144,8.948587642380165,1,noisy,train
background/01929_background.png,320.0,240.0,15.0,15.0,0.0,0,background,train
normal/00312_normal.png,318.0898505219668,412.72901763417525,37.96077275926772,37.96077275926772,0.0,1,normal,train
normal/00784_normal.png,304.1124765916346,323.0121774292852,37.13203371158063,37.13203371158063,0.0,1,normal,train
normal/00473_normal.png,483.49548813674613,55.56193534634858,53.362209952232774,53.362209952232774,0.0,1,normal,train
normal/00308_normal.png,343.33299474865845,53.975386218412254,40.19254393894873,40.19254393894873,0.0,1,normal,train
background/01837_background.png,320.0,240.0,15.0,15.0,0.0,0,background,train
normal/00165_normal.png,422.99537752033103,108.24587993214548,20.01889688094272,20.01889688094272,0.0,1,normal,train
normal/01106_normal.png,229.79589980966287,196.15796393098657,46.78042808866602,46.78042808866602,0.0,1,normal,train
normal/00654_normal.png,550.2230119669097,305.157805687114,43.35952309504097,43.35952309504097,0.0,1,normal,train
normal/00687_normal.png,349.18711070488314,266.2894443298235,52.24979274062059,52.24979274062059,0.0,1,normal,train
normal/00556_normal.png,475.5856013796151,146.34532862688565,29.300658849766826,29.300658849766826,0.0,1,normal,train
normal/00480_normal.png,365.18146192787196,228.20820270722442,40.627127587384905,40.627127587384905,0.0,1,normal,train
normal/00585_normal.png,149.05298300080926,420.62329895135724,48.06564317889951,48.06564317889951,0.0,1,normal,train
normal/00158_normal.png,181.29364403015032,320.28780392409135,28.439792921964113,28.439792921964113,0.0,1,normal,train
normal/00900_normal.png,344.9341594013642,122.54896861668195,53.550499420176195,53.550499420176195,0.0,1,normal,train
normal/00562_normal.png,223.80002276385258,354.9616079024767,39.41578825053659,39.41578825053659,0.0,1,normal,train
normal/00489_normal.png,136.88372846473288,382.48909504098793,18.83579654893446,18.83579654893446,0.0,1,normal,train
normal/01283_normal.png,369.729899943208,433.4558109378404,29.187703265209187,29.187703265209187,0.0,1,normal,train
normal/00992_normal.png,172.72004369260142,101.96549349880804,21.48559803630505,21.48559803630505,0.0,1,normal,train
normal/01067_normal.png,520.7366062848914,226.99707981763632,20.764740468655145,20.764740468655145,0.0,1,normal,train
normal/00567_normal.png,109.02228584004038,317.3119024136074,36.240690426777206,36.240690426777206,0.0,1,normal,train
normal/00506_normal.png,288.2344886782424,216.35187641318288,38.483602561749755,38.483602561749755,0.0,1,normal,train
normal/00530_normal.png,564.2180986362207,381.2464226113611,22.277538484559958,22.277538484559958,0.0,1,normal,train
normal/00921_normal.png,389.22232969899073,147.88743004801967,30.140567791063944,30.140567791063944,0.0,1,normal,train
normal/00972_normal.png,143.92039415213281,133.80477885457523,24.784672419752557,24.784672419752557,0.0,1,normal,train
normal/00325_normal.png,309.6270325937227,152.32361363981863,52.893180714371944,52.893180714371944,0.0,1,normal,train
normal/00913_normal.png,567.8504607249406,154.51124444242976,46.15318085700965,46.15318085700965,0.0,1,normal,train
background/01899_background.png,320.0,240.0,15.0,15.0,0.0,0,background,train
normal/00873_normal.png,350.2840322466973,71.91209057593994,28.522582992723144,28.522582992723144,0.0,1,normal,train
normal/01033_normal.png,580.8481114449003,216.85958553296447,35.414989870754795,35.414989870754795,0.0,1,normal,train
normal/01254_normal.png,283.3812401739556,53.44988105116451,36.31432629488471,36.31432629488471,0.0,1,normal,train
normal/00906_normal.png,522.8188501690795,199.7304788538871,47.9294764938179,47.9294764938179,0.0,1,normal,train
normal/00649_normal.png,380.8108879857416,324.81423997063746,27.855754711747238,27.855754711747238,0.0,1,normal,train
normal/01219_normal.png,593.0149769781108,52.74467759270568,23.626230361896212,23.626230361896212,0.0,1,normal,train
normal/01144_normal.png,542.2606966138567,77.93478850836847,37.28715052314503,37.28715052314503,0.0,1,normal,train
noisy/01603_noisy.png,470.3345002556676,77.05368191070141,31.819055453125582,31.819055453125582,-7.598814279081772,1,noisy,train
normal/01320_normal.png,251.64401887339383,95.158655581271,44.116254920714866,44.116254920714866,0.0,1,normal,train
normal/00273_normal.png,353.302034233701,40.190342018470524,44.45759493009278,44.45759493009278,0.0,1,normal,train
normal/00934_normal.png,201.71330422976757,287.2244859177577,20.955561925480175,20.955561925480175,0.0,1,normal,train
normal/00248_normal.png,512.5409046677012,58.588570110234045,24.336809010994486,24.336809010994486,0.0,1,normal,train
normal/00510_normal.png,89.75549772267733,339.99215155307604,50.777236265515576,50.777236265515576,0.0,1,normal,train
normal/01141_normal.png,386.799881411231,124.66447317567503,47.13047242934032,47.13047242934032,0.0,1,normal,train
noisy/01630_noisy.png,90.91762733323269,264.4131693722444,67.39827532547426,21.897423164084127,-14.24917329958854,1,noisy,train
normal/00951_normal.png,228.7411329433305,404.9054717560039,43.44600541819449,43.44600541819449,0.0,1,normal,train
normal/01060_normal.png,200.6852106513021,239.534274522365,15.038645192576311,15.038645192576311,0.0,1,normal,train
normal/00360_normal.png,297.0849377331082,409.02767102573716,48.790160214435545,48.790160214435545,0.0,1,normal,train
normal/00448_normal.png,290.7141592614921,148.9161826777926,52.89681425430647,52.89681425430647,0.0,1,normal,train
normal/00870_normal.png,271.4479563141937,322.3822565917294,18.30899671146465,18.30899671146465,0.0,1,normal,train
normal/00218_normal.png,472.2699929803215,248.6572742038006,18.45769591606393,18.45769591606393,0.0,1,normal,train
normal/00011_normal.png,146.07618418656676,190.58240421181162,31.389853472755135,31.389853472755135,0.0,1,normal,train
normal/00302_normal.png,364.390152127709,425.51791629007005,44.43554595890632,44.43554595890632,0.0,1,normal,train
normal/00499_normal.png,377.1097280596484,66.1836300431176,52.233031887911594,52.233031887911594,0.0,1,normal,train
normal/01431_normal.png,148.53927339888014,359.0579418133607,52.16596335935092,52.16596335935092,0.0,1,normal,train
normal/01012_normal.png,335.4254177827165,243.61461782533837,36.12599183128006,36.12599183128006,0.0,1,normal,train
normal/00786_normal.png,233.78206861845936,187.69347474702897,26.386297234358274,26.386297234358274,0.0,1,normal,train
normal/00398_normal.png,451.77566718294696,76.97611845918765,25.188983203415653,25.188983203415653,0.0,1,normal,train
normal/01178_normal.png,249.49958135781577,308.61633169931014,32.31410493729955,32.31410493729955,0.0,1,normal,train
normal/01289_normal.png,52.70218310044761,150.45324053658618,43.51668116815178,43.51668116815178,0.0,1,normal,train
normal/00848_normal.png,271.82184679219984,209.32041572356988,45.50112402504962,45.50112402504962,0.0,1,normal,train
normal/00932_normal.png,408.8119046226781,288.9668836725432,51.19263717785088,51.19263717785088,0.0,1,normal,train
normal/00149_normal.png,580.3697810191309,60.00238152455132,48.79734600219156,48.79734600219156,0.0,1,normal,train
normal/01251_normal.png,292.5002813195905,77.97987554690798,37.22571991008181,37.22571991008181,0.0,1,normal,train
noisy/01746_noisy.png,155.4834394316731,40.032103048677314,48.64486482221488,48.64486482221488,-7.600644016103412,1,noisy,train
background/01934_background.png,320.0,240.0,15.0,15.0,0.0,0,background,train
normal/00094_normal.png,381.59952660413114,55.727582894948846,44.08705233497513,44.08705233497513,0.0,1,normal,train
normal/01462_normal.png,225.9735791786128,71.12369245717574,20.03546236537835,20.03546236537835,0.0,1,normal,train
normal/00301_normal.png,597.2384818485504,231.54734531157237,34.808985099759084,34.808985099759084,0.0,1,normal,train
background/01962_background.png,320.0,240.0,15.0,15.0,0.0,0,background,train
noisy/01722_noisy.png,252.07703273924997,102.30195050019546,54.664521757016544,37.976412569675986,-1.8755504321484846,1,noisy,train
normal/00635_normal.png,293.117019969055,299.31476891626045,28.619521302696544,28.619521302696544,0.0,1,normal,train
noisy/01593_noisy.png,181.2072218546282,364.3043365669419,55.18737053709845,55.18737053709845,-8.932646664241666,1,noisy,train
noisy/01646_noisy.png,470.5959111801928,196.99013131497134,23.17994530442369,46.75743360104396,8.10780604613581,1,noisy,train
normal/00686_normal.png,145.3993102646778,126.14977748208199,51.77443072663353,51.77443072663353,0.0,1,normal,train
noisy/01585_noisy.png,135.5546497059388,154.35621559919858,28.812176087733512,28.812176087733512,-13.777972404188649,1,noisy,train
normal/01296_normal.png,465.98396606844756,423.21421870516235,29.860290022410698,29.860290022410698,0.0,1,normal,train
normal/01055_normal.png,370.598916648569,198.1134617049766,41.81725824224358,41.81725824224358,0.0,1,normal,train
normal/00581_normal.png,454.5077430203809,396.9235178601262,22.35808058094827,22.35808058094827,0.0,1,normal,train
normal/00173_normal.png,130.1673020825844,313.6009420096489,27.232708934096333,27.232708934096333,0.0,1,normal,train
background/01872_background.png,320.0,240.0,15.0,15.0,0.0,0,background,train
normal/00347_normal.png,230.511809442592,85.25892473829924,25.38810888807071,25.38810888807071,0.0,1,normal,train
normal/00969_normal.png,468.915466766538,256.81387884351574,29.678744778862512,29.678744778862512,0.0,1,normal,train
normal/01046_normal.png,411.4959087228962,325.1467438807123,41.1297916161417,41.1297916161417,0.0,1,normal,train
noisy/01667_noisy.png,481.63986796894,280.89101151825963,66.84697822535654,38.67968707914508,8.570988137430447,1,noisy,train
normal/00905_normal.png,404.6171816093154,403.96944578887286,22.369480060292066,22.369480060292066,0.0,1,normal,train
normal/01499_normal.png,548.8981854297152,131.86704105369506,51.583809087678546,51.583809087678546,0.0,1,normal,train
normal/00952_normal.png,335.76229956286437,124.3143816375287,44.74377114214307,44.74377114214307,0.0,1,normal,train
normal/00659_normal.png,200.03228403000668,125.45851395102075,15.745287073740137,15.745287073740137,0.0,1,normal,train
normal/01340_normal.png,377.4633337283234,56.518539373087826,49.18561084704435,49.18561084704435,0.0,1,normal,train
noisy/01741_noisy.png,137.09053950265275,128.42204754427888,19.212974637302317,19.212974637302317,-6.986820077722367,1,noisy,train
normal/01187_normal.png,82.37559905103473,315.89736772938363,53.024753104261606,53.024753104261606,0.0,1,normal,train
normal/01483_normal.png,505.5557587970606,309.91193066391276,42.160543895404174,42.160543895404174,0.0,1,normal,train
background/01856_background.png,320.0,240.0,15.0,15.0,0.0,0,background,train
normal/00587_normal.png,352.90798396317626,410.40847184545396,35.7365759624455,35.7365759624455,0.0,1,normal,train
normal/00622_normal.png,127.89089669574763,129.778562433824,21.552196766251445,21.552196766251445,0.0,1,normal,train
normal/00000_normal.png,473.41538719133945,215.55137590082091,48.485318876543914,48.485318876543914,0.0,1,normal,train
normal/01122_normal.png,263.64276617230473,200.72446102621413,52.029071330879056,52.029071330879056,0.0,1,normal,train
normal/00831_normal.png,255.29646797426477,103.14611406670446,39.194320055999995,39.194320055999995,0.0,1,normal,train
normal/00616_normal.png,452.8127893509167,201.89802733853483,26.266243594041384,26.266243594041384,0.0,1,normal,train
normal/01165_normal.png,419.88185295723247,364.22260214504166,32.82653988429162,32.82653988429162,0.0,1,normal,train
normal/01260_normal.png,166.78943102290378,397.16548836108586,26.747590008616136,26.747590008616136,0.0,1,normal,train
normal/00356_normal.png,99.12074927807203,427.23048735275955,22.83123905186516,22.83123905186516,0.0,1,normal,train
noisy/01635_noisy.png,427.76117082087507,77.84610650412641,26.32722237824034,26.32722237824034,12.976017688919285,1,noisy,train
normal/01361_normal.png,303.9751473799695,309.9427502785253,45.80310091272962,45.80310091272962,0.0,1,normal,train
normal/00861_normal.png,575.6802428149649,358.39865624284914,34.212634775021144,34.212634775021144,0.0,1,normal,train
noisy/01664_noisy.png,194.49647277851759,271.8284422946314,36.63242556339479,22.637742613379782,6.46718707677023,1,noisy,train
normal/00260_normal.png,296.2944651962073,78.02872841384853,24.03415453197189,24.03415453197189,0.0,1,normal,train
tilted/01535_tilted.png,412.68554163220097,99.92159565074498,21.861106842791223,58.76007344332836,87.81543191509306,1,tilted,train
normal/00605_normal.png,500.6252743590775,365.9781029347757,34.76347610524481,34.76347610524481,0.0,1,normal,train
noisy/01670_noisy.png,58.73255620884352,130.42232635586066,41.65227926267896,41.65227926267896,-10.0343667824501,1,noisy,train
normal/00668_normal.png,70.25066949738763,256.4041659677471,33.655071837062984,33.655071837062984,0.0,1,normal,train
normal/00836_normal.png,234.32166053137846,380.0248730787235,37.61260475620635,37.61260475620635,0.0,1,normal,train
background/01863_background.png,320.0,240.0,15.0,15.0,0.0,0,background,train
normal/00633_normal.png,393.1238344397385,103.9240318976631,51.96015036603576,51.96015036603576,0.0,1,normal,train
normal/01038_normal.png,145.2145339026216,257.4993529434935,47.22777112813034,47.22777112813034,0.0,1,normal,train
normal/00615_normal.png,153.06101284512616,125.25080430579548,27.719022238769547,27.719022238769547,0.0,1,normal,train
background/01935_background.png,320.0,240.0,15.0,15.0,0.0,0,background,train
tilted/01533_tilted.png,208.52536965386162,206.03475786558218,53.2779098630647,38.37118890070577,149.46903390768585,1,tilted,train
normal/01416_normal.png,154.93806792319424,340.7365914286262,49.909041392885776,49.909041392885776,0.0,1,normal,train
normal/01276_normal.png,100.73070800566526,231.13873230733813,39.91943958898931,39.91943958898931,0.0,1,normal,train
noisy/01705_noisy.png,298.65300604536196,45.15246379768604,63.57454095858554,63.57454095858554,-6.054476541547508,1,noisy,train
normal/01360_normal.png,326.16408904794326,292.66555065613545,38.46674765244941,38.46674765244941,0.0,1,normal,train
normal/00143_normal.png,589.0933599797085,103.71386638181397,43.49334775496228,43.49334775496228,0.0,1,normal,train
normal/00883_normal.png,325.96772644664134,422.0077960300757,44.26338514353212,44.26338514353212,0.0,1,normal,train
normal/00745_normal.png,343.328972097257,144.51797921220208,49.392474160749984,49.392474160749984,0.0,1,normal,train
normal/00403_normal.png,505.97303789096327,60.586754944942065,50.646772083404315,50.646772083404315,0.0,1,normal,train
normal/01373_normal.png,131.5680139929477,223.46672986405878,29.866846769082684,29.866846769082684,0.0,1,normal,train
normal/01102_normal.png,165.0355354728039,96.29011745183278,28.468149823235557,28.468149823235557,0.0,1,normal,train
normal/01064_normal.png,482.3173373673944,199.4737366898916,44.97027394073446,44.97027394073446,0.0,1,normal,train
normal/00003_normal.png,351.4261026232923,210.17025636950697,46.24955858992797,46.24955858992797,0.0,1,normal,train
noisy/01669_noisy.png,368.6217468420064,402.6769016901302,56.9881824776272,56.9881824776272,7.43317830395835,1,noisy,train
noisy/01613_noisy.png,81.13932354622698,408.3847140068822,40.558911812354985,40.558911812354985,11.783977427188187,1,noisy,train
normal/00521_normal.png,478.24954132910733,136.56231365725597,52.50420676136506,52.50420676136506,0.0,1,normal,train
noisy/01663_noisy.png,523.7988583576533,116.55894526601656,50.74914850724992,50.74914850724992,12.106649866909056,1,noisy,train
noisy/01693_noisy.png,72.6070754818625,259.26664705387356,42.80670058349453,21.372963855831642,12.258980352531651,1,noisy,train
noisy/01821_noisy.png,520.3079970022834,277.3610223177112,20.49987833994225,20.49987833994225,13.526599454837946,1,noisy,train
noisy/01626_noisy.png,559.3196443472477,93.01636053564138,69.37157072298007,44.324729938036356,11.520151197008385,1,noisy,train
normal/01047_normal.png,178.4474022074306,61.550713648448074,20.40143500045362,20.40143500045362,0.0,1,normal,train
normal/01241_normal.png,205.56094427301548,60.42919167476667,18.50466442808651,18.50466442808651,0.0,1,normal,train
normal/00893_normal.png,66.48490967623583,242.77549963914527,39.41226811762394,39.41226811762394,0.0,1,normal,train
noisy/01609_noisy.png,565.4236524406269,428.3605712874913,35.83438609041285,35.83438609041285,10.367815684246782,1,noisy,train
normal/00707_normal.png,429.7634123348546,70.80821593055178,30.432242673461847,30.432242673461847,0.0,1,normal,train
normal/00889_normal.png,409.4760524794492,172.183650249763,18.657380425451137,18.657380425451137,0.0,1,normal,train
noisy/01823_noisy.png,298.57596656729197,195.45732265278858,68.5809318828927,30.237924658820646,-1.9310626301025238,1,noisy,train
normal/00222_normal.png,147.6274081087039,215.42087623967637,39.3032695154561,39.3032695154561,0.0,1,normal,train
normal/00078_normal.png,101.05920265772535,186.65050863205167,37.1024538222274,37.1024538222274,0.0,1,normal,train
tilted/01552_tilted.png,190.74056089312862,176.47529201360115,73.83181078647611,50.87762035533666,103.39266791256173,1,tilted,train
normal/01189_normal.png,408.1544190871463,163.77767593996376,29.06196636655372,29.06196636655372,0.0,1,normal,train
noisy/01790_noisy.png,269.57788245128216,132.84425411045012,70.79269094186029,70.79269094186029,11.272174734072397,1,noisy,train
noisy/01577_noisy.png,160.7607209215347,63.66868611602237,53.1303491555873,53.1303491555873,-1.0619098747793103,1,noisy,train
background/01845_background.png,320.0,240.0,15.0,15.0,0.0,0,background,train
normal/00056_normal.png,452.3482248785072,211.91721646895962,24.68684837458916,24.68684837458916,0.0,1,normal,train
normal/00678_normal.png,85.66866630932894,226.40609695850046,30.90650023545316,30.90650023545316,0.0,1,normal,train
noisy/01662_noisy.png,201.74895217897975,235.3096291480175,71.44338278591371,71.44338278591371,-11.833670214430114,1,noisy,train
normal/01391_normal.png,435.7929996356239,63.80983885941359,21.741450428592604,21.741450428592604,0.0,1,normal,train
normal/00818_normal.png,538.5247161253665,383.58000643359264,33.9584115429675,33.9584115429675,0.0,1,normal,train
background/01836_background.png,320.0,240.0,15.0,15.0,0.0,0,background,train
normal/01313_normal.png,533.5716869080379,213.60585063638135,50.76886537904634,50.76886537904634,0.0,1,normal,train
normal/00719_normal.png,67.11784182706467,347.04066828091874,34.7613891141821,34.7613891141821,0.0,1,normal,train
normal/00571_normal.png,89.88431316309244,397.21433920219005,32.8761566352192,32.8761566352192,0.0,1,normal,train
background/01920_background.png,320.0,240.0,15.0,15.0,0.0,0,background,train
background/01963_background.png,320.0,240.0,15.0,15.0,0.0,0,background,train
normal/00672_normal.png,70.4344923577516,196.36526402909982,18.466168142895473,18.466168142895473,0.0,1,normal,train
normal/00816_normal.png,126.33071646147472,255.11721786306043,21.73683895764736,21.73683895764736,0.0,1,normal,train
normal/00395_normal.png,288.1227536867424,119.98273366885545,25.383655472232753,25.383655472232753,0.0,1,normal,train
noisy/01747_noisy.png,240.73033381805035,395.93522649852304,62.02130120661082,62.02130120661082,5.922648835726893,1,noisy,train
normal/00048_normal.png,470.10209843259895,418.18249753833624,53.4670660999452,53.4670660999452,0.0,1,normal,train
normal/00456_normal.png,228.13981519115143,138.859674103948,28.66486741347277,28.66486741347277,0.0,1,normal,train
background/01917_background.png,320.0,240.0,15.0,15.0,0.0,0,background,train
normal/00625_normal.png,89.56836350832509,192.3474970332151,19.631923739193272,19.631923739193272,0.0,1,normal,train
normal/00716_normal.png,380.0176827506583,171.96275010858133,18.429848333624506,18.429848333624506,0.0,1,normal,train
normal/00942_normal.png,111.02161909824571,337.4886220372019,44.69863288748897,44.69863288748897,0.0,1,normal,train
normal/00408_normal.png,175.84190260447846,164.60620085438316,45.322706773209376,45.322706773209376,0.0,1,normal,train
normal/00455_normal.png,424.1939458481829,48.10196974968696,22.065545407982846,22.065545407982846,0.0,1,normal,train
normal/00963_normal.png,176.9353571562831,343.101502203997,32.1554292513878,32.1554292513878,0.0,1,normal,train
normal/00079_normal.png,78.90527181464279,174.96910945709732,27.270465561486624,27.270465561486624,0.0,1,normal,train
normal/00783_normal.png,205.6327819693231,62.39838095924149,34.445823116882096,34.445823116882096,0.0,1,normal,train
normal/00221_normal.png,255.5540739072805,80.13859948654543,42.35192674523695,42.35192674523695,0.0,1,normal,train
background/01970_background.png,320.0,240.0,15.0,15.0,0.0,0,background,train
background/01958_background.png,320.0,240.0,15.0,15.0,0.0,0,background,train
noisy/01806_noisy.png,113.99708190959167,316.54104170539836,43.5690725835573,43.5690725835573,6.868728907826725,1,noisy,train
normal/00508_normal.png,499.8605584870889,44.31768529498973,40.5801340984146,40.5801340984146,0.0,1,normal,train
noisy/01575_noisy.png,238.4814612346603,229.66719804008113,38.12796578202496,28.57087502839596,14.654361220646816,1,noisy,train
normal/00843_normal.png,545.1797259727539,297.15516571136175,21.509920661917345,21.509920661917345,0.0,1,normal,train
normal/00680_normal.png,225.03051703114372,100.41912619495302,27.297709619977866,27.297709619977866,0.0,1,normal,train
normal/00367_normal.png,438.40628138115983,337.0192420160088,21.336144329459913,21.336144329459913,0.0,1,normal,train
normal/00050_normal.png,464.2616145482593,413.2534288883471,42.043920732247,42.043920732247,0.0,1,normal,train
normal/00844_normal.png,589.7291004663766,241.41056805931368,25.733496047600767,25.733496047600767,0.0,1,normal,train
normal/00362_normal.png,186.6857791764511,125.96447870195792,18.98019716976425,18.98019716976425,0.0,1,normal,train
normal/00332_normal.png,535.2303199714106,323.81569678520486,53.76231705587697,53.76231705587697,0.0,1,normal,train
noisy/01644_noisy.png,249.29935639195958,133.1008962350444,62.70725554904765,62.70725554904765,-2.8144294989813528,1,noisy,train
normal/00316_normal.png,394.6457602362894,384.8175384494322,35.28349923182812,35.28349923182812,0.0,1,normal,train
normal/01271_normal.png,490.1459850046639,88.43834933014705,36.962904290146824,36.962904290146824,0.0,1,normal,train
noisy/01642_noisy.png,65.61175002458768,144.37587866448058,33.685068221733744,33.685068221733744,-2.5338049439592005,1,noisy,train
normal/01146_normal.png,159.47004911851502,408.6163049258543,45.33225839798635,45.33225839798635,0.0,1,normal,train
normal/00724_normal.png,166.68194239735726,425.71138939631726,41.20988820676824,41.20988820676824,0.0,1,normal,train
normal/00210_normal.png,80.34324689004454,235.76584022303032,44.55732545384561,44.55732545384561,0.0,1,normal,train
normal/01365_normal.png,297.96439915932393,123.2434256944944,48.59202414024584,48.59202414024584,0.0,1,normal,train
noisy/01655_noisy.png,94.52103131340905,331.63688742269443,15.313967100430839,15.77710760684853,5.360458573958642,1,noisy,train
noisy/01809_noisy.png,217.91433906947975,393.71653132838736,58.59125555216667,58.59125555216667,-11.011261710696651,1,noisy,train
normal/00430_normal.png,538.0880582055236,102.62351072390348,25.431269340898062,25.431269340898062,0.0,1,normal,train
normal/00732_normal.png,410.73933867661117,257.54958930882856,19.58499814688627,19.58499814688627,0.0,1,normal,train
noisy/01586_noisy.png,115.71690367031162,347.9713845261438,18.798877429246236,18.798877429246236,-9.994613547203935,1,noisy,train
normal/00746_normal.png,270.0298435642593,244.87285839013526,28.276009964789957,28.276009964789957,0.0,1,normal,train
normal/00631_normal.png,149.6815717102457,67.13706646592215,35.147644590961754,35.147644590961754,0.0,1,normal,train
normal/00085_normal.png,54.75415046039352,101.7252543912764,34.300753854581075,34.300753854581075,0.0,1,normal,train
normal/00261_normal.png,200.02501659169815,43.820567923692764,30.270646763882148,30.270646763882148,0.0,1,normal,train
normal/00880_normal.png,160.93068234730524,115.22970703578142,23.180473367495853,23.180473367495853,0.0,1,normal,train
normal/00303_normal.png,508.2543379656697,388.30746647030605,24.722494316861038,24.722494316861038,0.0,1,normal,train
normal/01131_normal.png,375.99279510016834,192.83096561628327,22.85782297043364,22.85782297043364,0.0,1,normal,train
normal/01192_normal.png,277.14146888710985,288.7417744908323,53.208170152929654,53.208170152929654,0.0,1,normal,train
background/01833_background.png,320.0,240.0,15.0,15.0,0.0,0,background,train
normal/00073_normal.png,304.13547639058146,431.86620163924226,30.218168627208833,30.218168627208833,0.0,1,normal,train
normal/01117_normal.png,430.6788269339869,347.6395187326321,19.827328266933925,19.827328266933925,0.0,1,normal,train
normal/00305_normal.png,397.2399424878361,89.55461580242302,15.91795689553323,15.91795689553323,0.0,1,normal,train
normal/01415_normal.png,398.2501768697985,63.4388669664376,32.61466436194563,32.61466436194563,0.0,1,normal,train
noisy/01654_noisy.png,78.32802634170989,439.8411586846965,34.58129317314852,33.14422581690736,-7.716732832709256,1,noisy,train
noisy/01767_noisy.png,375.34373220983105,275.0128868350754,51.88488732322666,27.781303682295523,5.626401986648027,1,noisy,train
noisy/01777_noisy.png,228.3768527806503,195.51553531139834,17.530475356126907,33.69343852699683,-4.549628062206844,1,noisy,train
normal/01148_normal.png,267.41443026803915,277.02702391707754,50.15048142639975,50.15048142639975,0.0,1,normal,train
normal/00875_normal.png,201.21256750891706,127.5312286617274,35.70816122596026,35.70816122596026,0.0,1,normal,train
normal/01445_normal.png,132.98520115860325,159.82159836730966,35.08447438599279,35.08447438599279,0.0,1,normal,train
normal/01129_normal.png,326.6524381749892,86.35060107040493,48.15177436672953,48.15177436672953,0.0,1,normal,train
normal/00904_normal.png,386.31361363472615,296.23134106728236,23.455505632642883,23.455505632642883,0.0,1,normal,train
noisy/01776_noisy.png,324.9454240965625,336.2938400230685,37.21170701295888,37.21170701295888,8.008574343071917,1,noisy,train
normal/00536_normal.png,456.96671478735266,122.27145510242937,31.08747617757956,31.08747617757956,0.0,1,normal,train
normal/01304_normal.png,276.0364241159223,385.637131581359,27.39327009772675,27.39327009772675,0.0,1,normal,train
normal/00267_normal.png,413.90768337599303,95.91264642646014,15.675615063014618,15.675615063014618,0.0,1,normal,train
normal/00683_normal.png,251.73677001415703,296.96889084570955,27.65151815758972,27.65151815758972,0.0,1,normal,train
normal/00007_normal.png,592.0801758697326,253.94471012532307,47.088527391054434,47.088527391054434,0.0,1,normal,train
normal/00090_normal.png,546.9061163414214,418.43124088965277,35.818351928473255,35.818351928473255,0.0,1,normal,train
normal/00566_normal.png,422.9540058171091,44.128396077329114,46.336004347042945,46.336004347042945,0.0,1,normal,train
noisy/01680_noisy.png,304.193907532781,40.292203716182506,59.67530499536481,59.67530499536481,-8.161717735392553,1,noisy,train
normal/01299_normal.png,331.85248463366486,335.61807327097813,52.90128083776709,52.90128083776709,0.0,1,normal,train
background/01948_background.png,320.0,240.0,15.0,15.0,0.0,0,background,train
normal/00104_normal.png,184.75949522942403,196.23602944471168,25.38059794027098,25.38059794027098,0.0,1,normal,train
noisy/01816_noisy.png,185.49904765166573,250.29215188386954,39.55040620489106,41.58543813128913,12.451287635835055,1,noisy,train
noisy/01769_noisy.png,456.48818994646734,172.30072277671718,35.17285343422856,51.7152288244737,9.598985706186088,1,noisy,train
normal/01035_normal.png,107.88673262649847,277.6763940758502,45.46734904917203,45.46734904917203,0.0,1,normal,train
normal/00540_normal.png,488.30317967136494,139.66891070350718,33.38119255725386,33.38119255725386,0.0,1,normal,train
normal/01298_normal.png,200.72234380436265,155.07383828661028,33.00691297233854,33.00691297233854,0.0,1,normal,train
normal/01407_normal.png,565.1154309470006,413.37012826060294,34.576911681682404,34.576911681682404,0.0,1,normal,train
normal/00416_normal.png,391.92579372175214,259.3974677348496,46.20907820499252,46.20907820499252,0.0,1,normal,train
normal/00702_normal.png,452.08111246811393,245.09988806591684,47.4464406552408,47.4464406552408,0.0,1,normal,train
normal/01469_normal.png,396.43826879557025,158.65604459149552,31.99547971430307,31.99547971430307,0.0,1,normal,train
normal/00431_normal.png,223.48105584952194,287.00403756580783,15.0349685230078,15.0349685230078,0.0,1,normal,train
normal/01238_normal.png,451.1462120766161,244.74059628787055,38.75540532704136,38.75540532704136,0.0,1,normal,train
normal/00577_normal.png,474.95988987716277,272.1717577615002,32.69672525847318,32.69672525847318,0.0,1,normal,train
normal/00557_normal.png,410.83614154040066,130.09336725461097,20.397906786601403,20.397906786601403,0.0,1,normal,train
background/01953_background.png,320.0,240.0,15.0,15.0,0.0,0,background,train
noisy/01815_noisy.png,339.44394075410014,339.06682073290705,30.119169885302973,30.119169885302973,-4.908183830247051,1,noisy,train
tilted/01520_tilted.png,116.95009266995984,340.38095752106074,36.21873936593671,29.33186993923887,36.10125982943296,1,tilted,train
normal/00219_normal.png,181.43816220232392,87.29101102896891,25.15027154769306,25.15027154769306,0.0,1,normal,train
normal/00236_normal.png,84.86487582159647,354.0188660047689,49.32301030617818,49.32301030617818,0.0,1,normal,train
background/01941_background.png,320.0,240.0,15.0,15.0,0.0,0,background,train
normal/00275_normal.png,311.18686858168456,279.6766347067179,30.032331597193686,30.032331597193686,0.0,1,normal,train
normal/00212_normal.png,552.4917768096818,371.2099290817356,29.799192171276772,29.799192171276772,0.0,1,normal,train
normal/01358_normal.png,441.2988725416405,92.38187257592716,42.904706018595284,42.904706018595284,0.0,1,normal,train
normal/00613_normal.png,457.58821987365525,258.1984851187489,30.390057915289063,30.390057915289063,0.0,1,normal,train
normal/01135_normal.png,59.92994883042858,69.66524635021969,26.79910357364009,26.79910357364009,0.0,1,normal,train
normal/01367_normal.png,447.0488827260483,322.4031889903236,47.32302157188415,47.32302157188415,0.0,1,normal,train
normal/00016_normal.png,69.26360166725937,413.7041436239648,44.627266617926594,44.627266617926594,0.0,1,normal,train
noisy/01817_noisy.png,124.2216814865345,337.35805840345887,61.56278250894185,25.925624605280554,-3.25259936184953,1,noisy,train
normal/01339_normal.png,250.57094705626307,173.32180055719763,51.88207581360424,51.88207581360424,0.0,1,normal,train
normal/01252_normal.png,280.80060701709635,207.32657008551448,27.355540275551895,27.355540275551895,0.0,1,normal,train
normal/00619_normal.png,552.318353086565,66.06950549846086,49.43331977246349,49.43331977246349,0.0,1,normal,train
normal/01440_normal.png,464.484977780485,164.58655838952177,31.576356970914766,31.576356970914766,0.0,1,normal,train
normal/01112_normal.png,58.557165503525674,385.71572889788933,32.17665191441366,32.17665191441366,0.0,1,normal,train
noisy/01727_noisy.png,455.1086353184177,144.7549870940402,18.184519073688836,24.02285568472822,6.231414878925456,1,noisy,train
noisy/01799_noisy.png,417.3580206534299,171.22085142690537,61.218343272445104,40.68144529920925,8.80546753092936,1,noisy,train
normal/00583_normal.png,597.2642546100543,399.2073873249473,51.1173148560965,51.1173148560965,0.0,1,normal,train
normal/00756_normal.png,239.70334086865492,58.005065852401984,16.799177039459902,16.799177039459902,0.0,1,normal,train
normal/00500_normal.png,575.3269277020573,185.15497063231356,31.84836270021125,31.84836270021125,0.0,1,normal,train
noisy/01597_noisy.png,469.25828520590295,224.0796743485825,42.42196638042425,42.42196638042425,8.251061591322344,1,noisy,train
normal/00714_normal.png,283.9558362725361,269.96372607798975,43.89621246317278,43.89621246317278,0.0,1,normal,train
normal/00271_normal.png,256.35895322252327,437.72289278872927,53.555022797059344,53.555022797059344,0.0,1,normal,train
tilted/01571_tilted.png,239.1019358993433,377.58393348189236,64.0238625982911,35.56525157751855,18.686702204674557,1,tilted,train
normal/01036_normal.png,300.7810764266284,70.93503108635281,51.7760456721485,51.7760456721485,0.0,1,normal,train
normal/00436_normal.png,452.54533916121966,71.18587136689692,45.90327402261585,45.90327402261585,0.0,1,normal,train
normal/01101_normal.png,495.4420496326346,186.09447805583352,27.548608182705237,27.548608182705237,0.0,1,normal,train
normal/00150_normal.png,541.4683124694087,115.15803667701442,48.212948109916056,48.212948109916056,0.0,1,normal,train
normal/00204_normal.png,330.0064945340993,214.7858227101862,36.55356802283173,36.55356802283173,0.0,1,normal,train
normal/01153_normal.png,341.9417151664759,71.59279000052044,24.12137162822753,24.12137162822753,0.0,1,normal,train
normal/01272_normal.png,286.39995903414103,358.95725527531425,45.74533319579321,45.74533319579321,0.0,1,normal,train
normal/00938_normal.png,434.86262957506415,297.4531272514389,33.35547574405548,33.35547574405548,0.0,1,normal,train
normal/00019_normal.png,381.3731487821239,386.8217019926205,31.465881999526335,31.465881999526335,0.0,1,normal,train
normal/00148_normal.png,298.96814581085596,286.522956101656,53.98240793465003,53.98240793465003,0.0,1,normal,train
tilted/01539_tilted.png,55.845520626059994,65.48838593044529,60.29027961896059,58.00266749679397,136.19851312921804,1,tilted,train
noisy/01578_noisy.png,118.23312056535626,125.65627050322048,67.9486047891119,67.9486047891119,-8.357223507912483,1,noisy,train
normal/00936_normal.png,426.7121867815966,363.86669636100606,47.03769786722017,47.03769786722017,0.0,1,normal,train
normal/00614_normal.png,546.7809776951176,276.1721559792835,19.601227604816266,19.601227604816266,0.0,1,normal,train
normal/01321_normal.png,548.4947002485227,170.22575009502813,24.634836273003174,24.634836273003174,0.0,1,normal,train
noisy/01730_noisy.png,466.877067122082,68.28329303339676,16.97197713264652,23.70036304095912,8.648481409459915,1,noisy,train
normal/00268_normal.png,174.94216707287538,146.08246602752595,30.784533991719726,30.784533991719726,0.0,1,normal,train
background/01857_background.png,320.0,240.0,15.0,15.0,0.0,0,background,train
noisy/01632_noisy.png,492.87301120148925,65.97829248511516,22.487147537761846,52.09192119820312,-6.73352432891711,1,noisy,train
normal/00488_normal.png,148.54733233859292,183.01348069304555,32.42578862561323,32.42578862561323,0.0,1,normal,train
normal/00643_normal.png,89.38235777511967,370.03999086398534,17.086631808392983,17.086631808392983,0.0,1,normal,train
background/01972_background.png,320.0,240.0,15.0,15.0,0.0,0,background,train
normal/01371_normal.png,499.31332158939784,192.39581205415615,37.4696602530188,37.4696602530188,0.0,1,normal,train
normal/00418_normal.png,135.89937967368496,68.19746602651252,32.86160403614256,32.86160403614256,0.0,1,normal,train
normal/00534_normal.png,153.5198441306803,278.5900004105324,51.32530167475267,51.32530167475267,0.0,1,normal,train
normal/00647_normal.png,242.99416809282357,223.16450723393748,52.39042796547247,52.39042796547247,0.0,1,normal,train
normal/01070_normal.png,304.07171549947265,309.3582256239849,21.05491081645127,21.05491081645127,0.0,1,normal,train
normal/01157_normal.png,481.13673377416495,61.164896155991016,38.98729875898432,38.98729875898432,0.0,1,normal,train
background/01841_background.png,320.0,240.0,15.0,15.0,0.0,0,background,train
normal/01346_normal.png,310.96480388269924,322.473585987165,33.51093148705316,33.51093148705316,0.0,1,normal,train
normal/00858_normal.png,262.5507793595069,384.7677644628853,26.833469136296678,26.833469136296678,0.0,1,normal,train
normal/00167_normal.png,443.25529028657616,291.4604598717443,33.3711034074547,33.3711034074547,0.0,1,normal,train
normal/01268_normal.png,146.58188039503597,256.8240339625869,21.601109671116355,21.601109671116355,0.0,1,normal,train
normal/00081_normal.png,143.05909924178331,371.3358173557466,36.79824864634786,36.79824864634786,0.0,1,normal,train
normal/01217_normal.png,246.8964804254989,163.51569601441258,46.06398110666662,46.06398110666662,0.0,1,normal,train
normal/01185_normal.png,176.91783631002053,139.35173563166762,41.87446757551204,41.87446757551204,0.0,1,normal,train
normal/00504_normal.png,455.76101173560215,64.99713263111794,38.97858193563201,38.97858193563201,0.0,1,normal,train
normal/01166_normal.png,424.2377815448642,154.61071141712785,32.63263315210665,32.63263315210665,0.0,1,normal,train
normal/00245_normal.png,284.82576355976767,182.0443001559284,19.50461980624479,19.50461980624479,0.0,1,normal,train
normal/00826_normal.png,457.80477644470074,394.31120555026524,37.631055397731046,37.631055397731046,0.0,1,normal,train
normal/00481_normal.png,60.768553717038046,242.36923871022307,27.126654228967332,27.126654228967332,0.0,1,normal,train
normal/01382_normal.png,397.9201438060557,248.46475495116326,33.62440948341718,33.62440948341718,0.0,1,normal,train
normal/00139_normal.png,227.97393218357476,48.27793551540137,25.850738599411947,25.850738599411947,0.0,1,normal,train
normal/01218_normal.png,60.908978211803124,66.0144815105936,24.638507411660232,24.638507411660232,0.0,1,normal,train
normal/00140_normal.png,130.3354835421199,266.8111526586133,28.31085144833153,28.31085144833153,0.0,1,normal,train
normal/00380_normal.png,585.570909817664,315.92033820757723,18.173732641884655,18.173732641884655,0.0,1,normal,train
normal/00164_normal.png,332.1685897860739,182.15763850531923,49.02134215134391,49.02134215134391,0.0,1,normal,train
normal/01040_normal.png,550.090159334973,170.19325909400433,27.441761570389886,27.441761570389886,0.0,1,normal,val
normal/00116_normal.png,220.83783987481007,343.2546283486769,40.63552962118818,40.63552962118818,0.0,1,normal,val
normal/00322_normal.png,139.4422426394179,290.1813396732112,33.75712322540929,33.75712322540929,0.0,1,normal,val
normal/01087_normal.png,594.8660497681071,101.14023711784853,44.23516813562041,44.23516813562041,0.0,1,normal,val
normal/01029_normal.png,424.02648208988245,179.9749054480174,27.100224835292863,27.100224835292863,0.0,1,normal,val
normal/00976_normal.png,215.26812043869643,281.6604064524273,32.78803610534705,32.78803610534705,0.0,1,normal,val
normal/01196_normal.png,426.1042851967318,134.3011759485894,37.13134271845765,37.13134271845765,0.0,1,normal,val
normal/00102_normal.png,322.47793481545807,379.07879843885604,31.727549447299335,31.727549447299335,0.0,1,normal,val
normal/00117_normal.png,193.02884244721537,308.52885714999417,50.18464495218506,50.18464495218506,0.0,1,normal,val
normal/00642_normal.png,383.10602271160104,408.30907291155745,30.196327105004368,30.196327105004368,0.0,1,normal,val
tilted/01531_tilted.png,211.53723028614058,325.6685617440022,78.6760257463732,49.903145745401055,110.44914786881958,1,tilted,val
noisy/01754_noisy.png,117.158836052055,189.0515612683581,45.271950477902934,43.986553562615896,0.4564020381139997,1,noisy,val
normal/01110_normal.png,208.54690544217846,385.6091546417967,23.972833699673934,23.972833699673934,0.0,1,normal,val
tilted/01506_tilted.png,384.96650269054436,214.1343614689721,44.025576800692285,87.53793811615864,90.08141039834766,1,tilted,val
normal/01186_normal.png,280.4614267522936,243.11196495103957,32.00697755859406,32.00697755859406,0.0,1,normal,val
normal/00119_normal.png,78.74819004442979,250.3776667663202,50.93221598926812,50.93221598926812,0.0,1,normal,val
normal/00445_normal.png,401.4977838648889,281.17555795412693,35.09017153504108,35.09017153504108,0.0,1,normal,val
normal/00607_normal.png,263.22815574013475,434.9727818153584,51.37416908827398,51.37416908827398,0.0,1,normal,val
normal/00388_normal.png,266.008464293049,251.97092156192258,30.163692859818347,30.163692859818347,0.0,1,normal,val
normal/00317_normal.png,410.63781173176466,223.94169468397413,21.087462299954282,21.087462299954282,0.0,1,normal,val
normal/00996_normal.png,229.21788451792844,164.7083553013118,37.72212348021004,37.72212348021004,0.0,1,normal,val
normal/01471_normal.png,59.4626335550235,280.0260679507695,46.13002903398767,46.13002903398767,0.0,1,normal,val
normal/01355_normal.png,211.63167582189632,179.48594022394957,40.83497522955986,40.83497522955986,0.0,1,normal,val
normal/01138_normal.png,362.89303156352855,114.9967646051715,16.60997252653628,16.60997252653628,0.0,1,normal,val
noisy/01604_noisy.png,443.82422788459036,334.4313849352165,23.65590289800264,54.80690522195327,-6.60265744440364,1,noisy,val
normal/01496_normal.png,453.4607378873342,393.8346914952786,53.34421336010504,53.34421336010504,0.0,1,normal,val
normal/01426_normal.png,267.21374433379015,311.10111167795867,25.11505408332625,25.11505408332625,0.0,1,normal,val
noisy/01740_noisy.png,297.09661483736136,380.8010759440432,20.760597666631956,20.760597666631956,0.4506877771902076,1,noisy,val
normal/00584_normal.png,447.35539470948424,392.95393223504755,31.873694895858403,31.873694895858403,0.0,1,normal,val
normal/00931_normal.png,303.9681079845003,425.4955812412771,31.150829463815963,31.150829463815963,0.0,1,normal,val
noisy/01607_noisy.png,530.5934226235697,157.95195029852567,49.5726791995431,57.85085678578522,-3.703006555134717,1,noisy,val
noisy/01605_noisy.png,224.56691913487197,281.3678451166071,43.14605685083005,28.201683703973348,5.751044066751174,1,noisy,val
normal/00543_normal.png,198.37310215305467,187.11967484245486,25.781888516839263,25.781888516839263,0.0,1,normal,val
normal/00799_normal.png,240.11924352521186,50.63193718923587,47.29450124630696,47.29450124630696,0.0,1,normal,val
normal/00004_normal.png,395.36992266737406,338.30808101898054,37.29247706056851,37.29247706056851,0.0,1,normal,val
normal/00776_normal.png,196.0950846262422,173.01634090414018,50.18234240741669,50.18234240741669,0.0,1,normal,val
normal/00337_normal.png,571.2599201170117,134.6866967426608,16.522442018709764,16.522442018709764,0.0,1,normal,val
noisy/01709_noisy.png,121.78637512427598,336.3021998074248,21.00556170174712,21.00556170174712,-10.89141669710365,1,noisy,val
background/01868_background.png,320.0,240.0,15.0,15.0,0.0,0,background,val
normal/00437_normal.png,177.7184789378548,393.21706987300166,52.36306756675445,52.36306756675445,0.0,1,normal,val
normal/00985_normal.png,274.06916534521275,378.78581198222025,37.3185628281697,37.3185628281697,0.0,1,normal,val
noisy/01699_noisy.png,416.52666433792376,332.9993004777203,32.49698915585945,32.49698915585945,7.136815346197185,1,noisy,val
normal/00832_normal.png,258.12283515804563,118.50720587491847,39.93590326965923,39.93590326965923,0.0,1,normal,val
normal/00340_normal.png,475.5315725125159,201.0655617902697,39.818980116214405,39.818980116214405,0.0,1,normal,val
normal/00484_normal.png,425.648963162315,81.41714337299854,23.032356964494852,23.032356964494852,0.0,1,normal,val
tilted/01543_tilted.png,202.50298361861084,205.85322813228882,17.847131670243407,32.53981386477653,103.8927599450178,1,tilted,val
background/01980_background.png,320.0,240.0,15.0,15.0,0.0,0,background,val
normal/00030_normal.png,474.1277817818395,202.7199592884167,42.92732346764306,42.92732346764306,0.0,1,normal,val
normal/01107_normal.png,358.3133836628434,314.3209578342446,34.93472664402023,34.93472664402023,0.0,1,normal,val
normal/01335_normal.png,457.77350698518654,61.83420941378373,24.22697155982498,24.22697155982498,0.0,1,normal,val
normal/00103_normal.png,206.72066567554543,297.5474876219767,28.391446905299553,28.391446905299553,0.0,1,normal,val
normal/00200_normal.png,78.3438182252796,329.2198525477298,30.820490612069985,30.820490612069985,0.0,1,normal,val
normal/01127_normal.png,85.95058228580766,194.36617463348287,29.86381071204562,29.86381071204562,0.0,1,normal,val
normal/00907_normal.png,45.10805190642253,152.62829669229723,27.217502776181405,27.217502776181405,0.0,1,normal,val
normal/00154_normal.png,420.31426999014974,420.9772113413543,26.873307363468356,26.873307363468356,0.0,1,normal,val
normal/00511_normal.png,229.072384181439,244.49184671828692,40.003081229397495,40.003081229397495,0.0,1,normal,val
normal/00947_normal.png,229.41255605396603,280.9236220104838,53.35105278210444,53.35105278210444,0.0,1,normal,val
noisy/01701_noisy.png,55.73411206615508,63.70176615116244,70.4427544280816,70.4427544280816,-13.548093739763075,1,noisy,val
normal/00375_normal.png,362.2802762894373,177.02918441087664,25.273294293982964,25.273294293982964,0.0,1,normal,val
noisy/01824_noisy.png,485.6965573436201,162.96526715744506,54.0876204352209,54.0876204352209,11.247025956516225,1,noisy,val
normal/00287_normal.png,100.51728103687562,298.6731721642388,30.448357719057093,30.448357719057093,0.0,1,normal,val
normal/00918_normal.png,342.957701337138,187.57336176836432,19.478507935386418,19.478507935386418,0.0,1,normal,val
background/01936_background.png,320.0,240.0,15.0,15.0,0.0,0,background,val
noisy/01686_noisy.png,75.79871709181342,388.76319047986703,54.46905311422544,22.128942411626127,-1.9094540441213805,1,noisy,val
normal/00392_normal.png,417.10200439617313,87.03115071128545,46.9828289136838,46.9828289136838,0.0,1,normal,val
normal/00509_normal.png,134.09565031651766,57.144055642667496,27.49884863145722,27.49884863145722,0.0,1,normal,val
normal/00223_normal.png,238.79930824099176,79.44612778656844,43.269365676008434,43.269365676008434,0.0,1,normal,val
noisy/01639_noisy.png,99.43906852862719,120.1459152653211,24.621861839797297,24.621861839797297,4.023629278075916,1,noisy,val
normal/00694_normal.png,406.6609662854745,292.42015866545154,42.25214557243427,42.25214557243427,0.0,1,normal,val
normal/01491_normal.png,588.0734350033188,97.71407188727764,22.788663805189717,22.788663805189717,0.0,1,normal,val
normal/00824_normal.png,406.7817047185446,192.42068294262245,37.25027037059479,37.25027037059479,0.0,1,normal,val
normal/00124_normal.png,66.07861834969167,305.91585659718385,21.981882254173623,21.981882254173623,0.0,1,normal,val
normal/00201_normal.png,52.37295181629496,281.8328558437548,24.364287702447275,24.364287702447275,0.0,1,normal,val
normal/01323_normal.png,391.0973822423258,419.15024439286765,40.94027890005307,40.94027890005307,0.0,1,normal,val
normal/01338_normal.png,564.3904439237951,320.5195019409482,36.50344271066872,36.50344271066872,0.0,1,normal,val
normal/01379_normal.png,294.2236241287874,308.36648867179036,16.880515651716788,16.880515651716788,0.0,1,normal,val
normal/00110_normal.png,121.47334417587503,382.66942070052175,37.466838134739774,37.466838134739774,0.0,1,normal,val
background/01889_background.png,320.0,240.0,15.0,15.0,0.0,0,background,val
normal/00956_normal.png,247.59041054180153,40.154636496912985,50.20940693218203,50.20940693218203,0.0,1,normal,val
normal/00841_normal.png,410.3994092485548,398.37077246403896,44.85780018068266,44.85780018068266,0.0,1,normal,val
normal/00867_normal.png,425.39451896421275,381.93597390591407,31.960674291983022,31.960674291983022,0.0,1,normal,val
normal/00725_normal.png,514.3406372045231,347.89939210726595,26.806732488349425,26.806732488349425,0.0,1,normal,val
normal/00882_normal.png,40.87958972351434,335.39917522430795,18.48702285052164,18.48702285052164,0.0,1,normal,val
normal/01349_normal.png,157.23680292818136,424.23968029945945,24.030376409164724,24.030376409164724,0.0,1,normal,val
background/01946_background.png,320.0,240.0,15.0,15.0,0.0,0,background,val
normal/00193_normal.png,218.9077988897768,287.33643245226335,50.694657165414846,50.694657165414846,0.0,1,normal,val
normal/00389_normal.png,417.13270487325394,411.8803852916862,38.63145128460509,38.63145128460509,0.0,1,normal,val
normal/00833_normal.png,313.1681269987818,162.10682304287627,53.35235170450329,53.35235170450329,0.0,1,normal,val
noisy/01653_noisy.png,69.35795373342452,145.03479964751992,44.72146568851319,44.72146568851319,-11.197382859461653,1,noisy,val
noisy/01692_noisy.png,213.2886750583993,346.10181483381757,27.578116768166193,60.97424111222152,-11.692556928677273,1,noisy,val
noisy/01606_noisy.png,262.3693663034302,98.56870531446931,25.092797831892042,25.092797831892042,9.648314759209459,1,noisy,val
normal/00497_normal.png,113.11167670997196,327.2071652005242,46.19107864143478,46.19107864143478,0.0,1,normal,val
normal/00968_normal.png,142.36297202329024,415.7556818325606,23.92314554629036,23.92314554629036,0.0,1,normal,val
normal/01180_normal.png,300.6727462138646,215.4605993969733,19.31666992062321,19.31666992062321,0.0,1,normal,val
normal/01169_normal.png,143.1886778840374,65.03511092948933,17.70117488546788,17.70117488546788,0.0,1,normal,val
normal/01481_normal.png,277.58393506877417,390.18186838646517,19.09740352271511,19.09740352271511,0.0,1,normal,val
normal/00270_normal.png,567.6138422743894,399.75685602711144,46.44677882103693,46.44677882103693,0.0,1,normal,val
noisy/01738_noisy.png,240.6357310882201,424.5586392226982,27.17356015921026,65.92040333300721,-12.149767858381306,1,noisy,val
normal/00438_normal.png,211.967905731566,397.29891680197335,30.147622763596694,30.147622763596694,0.0,1,normal,val
normal/00994_normal.png,233.19068823003906,219.67294217545947,25.828267233653023,25.828267233653023,0.0,1,normal,val
normal/01370_normal.png,539.5518417228316,324.16346130948347,34.569202982974474,34.569202982974474,0.0,1,normal,val
normal/00570_normal.png,148.9243615521469,295.6431620067742,23.540566382676293,23.540566382676293,0.0,1,normal,val
normal/00487_normal.png,434.2365124577314,439.1165600268287,23.422542240192612,23.422542240192612,0.0,1,normal,val
normal/01052_normal.png,288.21587433238756,176.6596508920055,15.089321242401606,15.089321242401606,0.0,1,normal,val
noisy/01712_noisy.png,262.18721801346464,149.4604456149911,68.33021557296018,44.233652097563564,7.089226937573404,1,noisy,val
normal/00676_normal.png,582.4626707323393,86.14385826455188,19.465495823561582,19.465495823561582,0.0,1,normal,val
normal/00064_normal.png,408.9112151873832,48.611828929297396,51.276041068759525,51.276041068759525,0.0,1,normal,val
normal/00138_normal.png,248.31182288746268,430.0692243686792,41.936341015439666,41.936341015439666,0.0,1,normal,val
normal/00468_normal.png,485.61854122137015,168.0001353100574,27.721892267108018,27.721892267108018,0.0,1,normal,val
normal/00120_normal.png,112.37153784520348,314.14712818215776,16.048845010167028,16.048845010167028,0.0,1,normal,val
normal/01292_normal.png,441.73561606767976,157.88445652515617,28.316496193210657,28.316496193210657,0.0,1,normal,val
normal/01449_normal.png,596.6136848861355,323.20513953900735,36.88764490827756,36.88764490827756,0.0,1,normal,val
normal/00145_normal.png,342.9309962924252,151.17260526556527,42.505832991800204,42.505832991800204,0.0,1,normal,val
normal/00014_normal.png,215.9569514169683,140.2225748662668,22.235440999355596,22.235440999355596,0.0,1,normal,val
background/01967_background.png,320.0,240.0,15.0,15.0,0.0,0,background,val
normal/01205_normal.png,290.13837587883506,122.57226763861874,17.342644409542125,17.342644409542125,0.0,1,normal,val
normal/00471_normal.png,177.88411631239,412.4066216126341,26.009243526689836,26.009243526689836,0.0,1,normal,val
normal/01134_normal.png,568.9833777168617,105.84518239387785,44.211774282750596,44.211774282750596,0.0,1,normal,val
normal/01204_normal.png,403.8678206602031,428.4801105770061,49.39974782757573,49.39974782757573,0.0,1,normal,val
normal/00043_normal.png,515.474821673296,192.1267555545163,30.398616712022964,30.398616712022964,0.0,1,normal,val
normal/00692_normal.png,73.08789191609111,147.63260860781247,22.9760388548034,22.9760388548034,0.0,1,normal,val
normal/00131_normal.png,72.01568987286333,182.91487239938556,32.835319523053116,32.835319523053116,0.0,1,normal,val
normal/00460_normal.png,536.3997475696979,399.19263410886657,24.745797940687453,24.745797940687453,0.0,1,normal,val
normal/00507_normal.png,347.5335409191782,210.98590290826087,34.13176737946925,34.13176737946925,0.0,1,normal,val
normal/00247_normal.png,240.4136792122379,97.9122293878815,32.33558427832236,32.33558427832236,0.0,1,normal,val
normal/00924_normal.png,316.5362129060102,212.5763314237855,29.402512037897562,29.402512037897562,0.0,1,normal,val
normal/01059_normal.png,419.7910007704584,52.43952110667897,53.131283886595966,53.131283886595966,0.0,1,normal,val
normal/00897_normal.png,593.0945828432011,426.71622206331267,18.22592954230538,18.22592954230538,0.0,1,normal,val
normal/00764_normal.png,350.10000657470766,118.69307266088774,15.263764280443244,15.263764280443244,0.0,1,normal,val
background/01971_background.png,320.0,240.0,15.0,15.0,0.0,0,background,val
normal/01375_normal.png,157.80941329648567,208.1089409835946,45.46304225871281,45.46304225871281,0.0,1,normal,val
background/01840_background.png,320.0,240.0,15.0,15.0,0.0,0,background,val
normal/00638_normal.png,54.42688581524182,49.999317488417915,38.08570394283396,38.08570394283396,0.0,1,normal,val
normal/01460_normal.png,396.9502431404982,422.47824806761076,48.549172219094395,48.549172219094395,0.0,1,normal,val
normal/00411_normal.png,405.5111847140763,203.61354817775302,17.84654327095256,17.84654327095256,0.0,1,normal,val
normal/01412_normal.png,480.696696553747,304.4517568826525,26.23491140129763,26.23491140129763,0.0,1,normal,val
background/01938_background.png,320.0,240.0,15.0,15.0,0.0,0,background,val
tilted/01546_tilted.png,265.6158083200565,70.08408917105237,49.68110319937926,26.95073461297875,87.60413532963253,1,tilted,val
noisy/01775_noisy.png,80.49757761983031,305.16566087981965,62.88049414112187,62.88049414112187,5.3436736714835575,1,noisy,val
normal/00433_normal.png,400.0814492986233,296.4887970733679,48.98477313700317,48.98477313700317,0.0,1,normal,val
normal/00866_normal.png,523.7934569975749,99.96833376365353,50.659977263042904,50.659977263042904,0.0,1,normal,val
normal/01242_normal.png,578.4010541862683,153.4754160722643,44.143630611532416,44.143630611532416,0.0,1,normal,val
normal/01080_normal.png,210.8284238642887,385.92521491858014,35.51006765574834,35.51006765574834,0.0,1,normal,val
background/01852_background.png,320.0,240.0,15.0,15.0,0.0,0,background,val
normal/00338_normal.png,62.782458679763764,191.96481978029976,17.491739916538606,17.491739916538606,0.0,1,normal,val
normal/01125_normal.png,170.67014708754633,109.04451088527601,32.44691035117621,32.44691035117621,0.0,1,normal,val
normal/00973_normal.png,299.0527810494449,235.27180909089995,40.08036913700126,40.08036913700126,0.0,1,normal,val
normal/01351_normal.png,477.3655527625023,112.0986768911851,35.593857451579964,35.593857451579964,0.0,1,normal,val
normal/00262_normal.png,246.7658983387349,45.63429423608923,35.70816092271713,35.70816092271713,0.0,1,normal,val
normal/00257_normal.png,109.50672938669521,109.15747258749154,24.36332347197984,24.36332347197984,0.0,1,normal,val
tilted/01568_tilted.png,204.32047252173479,188.61550685682266,30.950117183405187,45.643026636730404,169.3211238560785,1,tilted,val
normal/01090_normal.png,439.9213745970082,419.90107266415515,45.81804610695308,45.81804610695308,0.0,1,normal,val
tilted/01557_tilted.png,64.19046101799019,210.46506531832927,45.10044930971276,25.851980049967228,73.66724495023075,1,tilted,val
normal/00141_normal.png,337.0838998423241,132.64135087042243,37.207388285088186,37.207388285088186,0.0,1,normal,val
noisy/01671_noisy.png,511.4004732969166,168.82558670585613,59.93190409653387,59.93190409653387,-11.155565679975998,1,noisy,val
normal/00995_normal.png,377.7648005453188,94.16545307991228,32.72181884852817,32.72181884852817,0.0,1,normal,val
normal/01498_normal.png,466.75603478085327,278.72144384457215,17.422350680092965,17.422350680092965,0.0,1,normal,val
normal/00175_normal.png,497.4410154267002,66.15599726184371,42.24626580101584,42.24626580101584,0.0,1,normal,val
background/01932_background.png,320.0,240.0,15.0,15.0,0.0,0,background,val
background/01864_background.png,320.0,240.0,15.0,15.0,0.0,0,background,val
normal/00493_normal.png,136.41631851738515,145.87070355939477,42.18973443672123,42.18973443672123,0.0,1,normal,val
normal/00118_normal.png,338.7736210399699,207.93527328497055,27.780543480806273,27.780543480806273,0.0,1,normal,val
normal/00490_normal.png,334.00825438933555,241.8393464204359,23.170502900435917,23.170502900435917,0.0,1,normal,val
normal/00629_normal.png,178.95231891484167,132.56391819962352,46.08068611963931,46.08068611963931,0.0,1,normal,val
background/01940_background.png,320.0,240.0,15.0,15.0,0.0,0,background,val
noisy/01703_noisy.png,414.66409718955595,322.1748246256876,51.50669988826739,59.53154680167136,-12.819249934136327,1,noisy,val
normal/00743_normal.png,150.76231324895156,276.46493345568376,17.088596323589215,17.088596323589215,0.0,1,normal,val
normal/00229_normal.png,515.1930880972443,213.2910641662618,22.170701983533128,22.170701983533128,0.0,1,normal,val
normal/00039_normal.png,246.2165801715658,97.51601988238937,36.07139778931948,36.07139778931948,0.0,1,normal,val
normal/01000_normal.png,503.74074573369325,348.58994571644854,29.101270595408494,29.101270595408494,0.0,1,normal,val
normal/00663_normal.png,62.023921546157084,285.4293649588777,34.91935836242586,34.91935836242586,0.0,1,normal,val
normal/01226_normal.png,594.2251725042561,98.69044486528874,49.605421538763295,49.605421538763295,0.0,1,normal,val
normal/00001_normal.png,116.99592896099196,401.78453607534334,21.61023403950448,21.61023403950448,0.0,1,normal,val
normal/01086_normal.png,512.3934622983076,188.5557672299258,24.334489584196312,24.334489584196312,0.0,1,normal,val
noisy/01594_noisy.png,419.3829158427769,117.24400453298182,61.255283085017986,61.255283085017986,-14.844544539667911,1,noisy,val
normal/01104_normal.png,517.3038335445099,137.30021235598582,50.712385289352405,50.712385289352405,0.0,1,normal,val
normal/00330_normal.png,80.69535403066826,157.80733458898007,51.84848921830594,51.84848921830594,0.0,1,normal,val
tilted/01561_tilted.png,528.1689129650799,96.13158778669268,82.82739960699455,73.27715917108556,31.915027831222957,1,tilted,val
normal/00765_normal.png,517.9348371414843,61.472154265298514,49.43224740366953,49.43224740366953,0.0,1,normal,val
background/01829_background.png,320.0,240.0,15.0,15.0,0.0,0,background,val
background/01973_background.png,320.0,240.0,15.0,15.0,0.0,0,background,val
background/01893_background.png,320.0,240.0,15.0,15.0,0.0,0,background,val
noisy/01789_noisy.png,208.8482858822577,367.310748816774,24.590438442325947,24.590438442325947,6.5628267368779944,1,noisy,val
normal/01308_normal.png,555.4596526285504,227.82603444407755,40.85257719647004,40.85257719647004,0.0,1,normal,val
noisy/01723_noisy.png,596.3522223528058,215.7258847956586,30.27722369577754,30.27722369577754,-6.744229695403144,1,noisy,val
normal/00611_normal.png,510.55831603955033,357.84800095763876,50.80357240049359,50.80357240049359,0.0,1,normal,val
normal/01280_normal.png,539.9564465250814,437.88573529256064,33.427572350277195,33.427572350277195,0.0,1,normal,val
noisy/01782_noisy.png,556.1189403240276,200.0168044625343,60.38312226674313,55.39024736162212,0.8455995513308032,1,noisy,val
normal/00217_normal.png,569.8765336959907,87.30581000979669,40.56112214985137,40.56112214985137,0.0,1,normal,val
normal/01039_normal.png,276.6237020208033,49.317873489187356,38.702017264557064,38.702017264557064,0.0,1,normal,val
normal/00365_normal.png,458.9180133726802,375.9649589318601,38.52212479236906,38.52212479236906,0.0,1,normal,val
tilted/01560_tilted.png,519.4460655228636,304.9897699232603,56.48629353516957,48.618546461298855,51.40408393733564,1,tilted,val
normal/01025_normal.png,151.82784642701662,129.65158475642795,44.529087331398095,44.529087331398095,0.0,1,normal,val
normal/00539_normal.png,466.2155703290299,127.79132189841067,53.50779496835419,53.50779496835419,0.0,1,normal,val
normal/01473_normal.png,224.9270469439312,129.97070643946134,37.44260726485092,37.44260726485092,0.0,1,normal,val
noisy/01793_noisy.png,215.34248235051797,314.30299407339174,20.00155769131738,59.71072485180548,9.16809222269493,1,noisy,val
normal/01478_normal.png,427.8721114949068,334.1494725690225,48.40724746894621,48.40724746894621,0.0,1,normal,val
normal/00006_normal.png,327.5317858552061,293.2793005076679,44.28269769634022,44.28269769634022,0.0,1,normal,val
normal/00929_normal.png,244.0718588078234,403.3426339964271,39.88877640642179,39.88877640642179,0.0,1,normal,val
normal/00323_normal.png,228.0344377138207,266.9427633608965,44.769240448617225,44.769240448617225,0.0,1,normal,val
normal/00890_normal.png,137.8146726176331,287.44539595977227,43.77975874053471,43.77975874053471,0.0,1,normal,test
normal/00601_normal.png,348.16891054947234,355.16380801604294,43.904040037149585,43.904040037149585,0.0,1,normal,test
background/01998_background.png,320.0,240.0,15.0,15.0,0.0,0,background,test
background/01955_background.png,320.0,240.0,15.0,15.0,0.0,0,background,test
normal/01312_normal.png,584.0613041593435,438.26746637496643,16.762388689555145,16.762388689555145,0.0,1,normal,test
tilted/01574_tilted.png,82.07301169860642,350.2546287621582,45.86016997151083,53.85404052795261,53.10337736497306,1,tilted,test
background/01898_background.png,320.0,240.0,15.0,15.0,0.0,0,background,test
tilted/01537_tilted.png,206.43641477493748,51.803363813361536,61.76396742144859,27.49506130424163,12.181702151904439,1,tilted,test
normal/01099_normal.png,257.6881670193844,312.43312922952276,31.112634858002636,31.112634858002636,0.0,1,normal,test
normal/01396_normal.png,221.1769072500001,189.67234377917316,15.48690860955037,15.48690860955037,0.0,1,normal,test
normal/00234_normal.png,222.97480096570575,277.4142409893607,16.24403388889783,16.24403388889783,0.0,1,normal,test
normal/01476_normal.png,192.11049206005498,216.3894613215913,40.377534253454996,40.377534253454996,0.0,1,normal,test
background/01825_background.png,320.0,240.0,15.0,15.0,0.0,0,background,test
normal/00023_normal.png,506.0318875365907,288.2546602794806,48.12342775703011,48.12342775703011,0.0,1,normal,test
noisy/01762_noisy.png,107.58318721752356,147.40630306414408,18.86860008909219,43.51724359278886,9.455075498194478,1,noisy,test
normal/01133_normal.png,314.5464652001191,427.3106262470069,35.9053908460872,35.9053908460872,0.0,1,normal,test
normal/00514_normal.png,579.3917843790082,424.1066388073158,49.4158453983705,49.4158453983705,0.0,1,normal,test
normal/01083_normal.png,226.99073038057017,409.13465340230897,43.88766955669062,43.88766955669062,0.0,1,normal,test
normal/00958_normal.png,46.80637959262927,93.73961463919703,17.775088897567503,17.775088897567503,0.0,1,normal,test
normal/01220_normal.png,341.4039091482951,53.2735856863333,25.388624457925594,25.388624457925594,0.0,1,normal,test
normal/00781_normal.png,562.8158182069627,433.0902633634448,23.964391994418655,23.964391994418655,0.0,1,normal,test
normal/00788_normal.png,296.5917989222737,399.43261207476866,19.391559010748246,19.391559010748246,0.0,1,normal,test
normal/00130_normal.png,515.8704106693398,167.26490001771356,47.72858968042356,47.72858968042356,0.0,1,normal,test
normal/01221_normal.png,165.75228269817146,88.2025344649522,25.236551659850896,25.236551659850896,0.0,1,normal,test
background/01983_background.png,320.0,240.0,15.0,15.0,0.0,0,background,test
normal/01393_normal.png,322.7145708065068,307.9148893473561,42.199259747706265,42.199259747706265,0.0,1,normal,test
noisy/01622_noisy.png,504.461486306687,270.88904242243984,55.99115342166655,55.99115342166655,-3.344304086367867,1,noisy,test
normal/00327_normal.png,597.6940091173336,176.8065991478205,33.22905537561685,33.22905537561685,0.0,1,normal,test
normal/01285_normal.png,556.1533951294624,138.41157992479643,38.06800176818293,38.06800176818293,0.0,1,normal,test
normal/00313_normal.png,312.63501799733206,242.45778185236594,51.24932380805685,51.24932380805685,0.0,1,normal,test
normal/00224_normal.png,520.1632619499327,123.3141702467954,49.404230925166466,49.404230925166466,0.0,1,normal,test
noisy/01763_noisy.png,62.068880898708784,209.3229967321353,19.440332729232285,19.440332729232285,-7.249332096174724,1,noisy,test
normal/00096_normal.png,473.9746765868247,271.3176823290672,38.68645862834006,38.68645862834006,0.0,1,normal,test
tilted/01547_tilted.png,333.8591533338307,215.1053925290315,84.09623477619698,39.16396843462209,167.45713494011005,1,tilted,test
normal/00186_normal.png,430.7270868718523,388.70622526399234,30.99165831068313,30.99165831068313,0.0,1,normal,test
normal/01010_normal.png,177.68045711859992,373.75168043525224,48.442745190444114,48.442745190444114,0.0,1,normal,test
normal/01043_normal.png,352.82797107978655,238.77186108656284,51.603227135573306,51.603227135573306,0.0,1,normal,test
normal/00283_normal.png,64.10779685958319,52.979894843159954,29.189064005888447,29.189064005888447,0.0,1,normal,test
background/01880_background.png,320.0,240.0,15.0,15.0,0.0,0,background,test
normal/00741_normal.png,507.5220307310713,264.0662405063048,18.623391594646954,18.623391594646954,0.0,1,normal,test
normal/00817_normal.png,410.5198844257983,414.32239792739045,20.43966112285342,20.43966112285342,0.0,1,normal,test
normal/01195_normal.png,539.8294275214118,249.2250573523821,46.286655095853234,46.286655095853234,0.0,1,normal,test
background/01838_background.png,320.0,240.0,15.0,15.0,0.0,0,background,test
normal/00877_normal.png,364.28026128367037,271.0910847368716,53.88667115206244,53.88667115206244,0.0,1,normal,test
normal/01197_normal.png,205.67082701740483,55.18004312574672,30.89250287787205,30.89250287787205,0.0,1,normal,test
tilted/01529_tilted.png,202.80437637194603,338.6949370565814,56.22263896203666,69.46803227107237,146.14823695860883,1,tilted,test
normal/00538_normal.png,527.5104196639063,336.2099592682367,30.902129455859324,30.902129455859324,0.0,1,normal,test
normal/01103_normal.png,46.20217515864376,296.23736329299874,18.79379500420835,18.79379500420835,0.0,1,normal,test
background/01974_background.png,320.0,240.0,15.0,15.0,0.0,0,background,test
tilted/01525_tilted.png,407.6005219749977,43.71394650339103,22.39131094851989,40.6681895402202,68.64574533374932,1,tilted,test
normal/00505_normal.png,462.5256731137609,176.77492867430362,41.17927515982409,41.17927515982409,0.0,1,normal,test
background/01992_background.png,320.0,240.0,15.0,15.0,0.0,0,background,test
normal/00542_normal.png,323.728399839906,349.6503599454844,17.835907968731142,17.835907968731142,0.0,1,normal,test
normal/00292_normal.png,127.85896819326473,184.39373789112017,20.866900609223073,20.866900609223073,0.0,1,normal,test
normal/00939_normal.png,539.1540474496837,194.16450921196417,46.13928819845072,46.13928819845072,0.0,1,normal,test
normal/01316_normal.png,399.4164764792439,216.98437030869255,49.8723666859452,49.8723666859452,0.0,1,normal,test
noisy/01811_noisy.png,401.49037131818403,207.9290594440068,55.22938568992547,55.22938568992547,6.981212307756508,1,noisy,test
normal/00810_normal.png,454.8869759525104,343.81407429426434,45.90834094756258,45.90834094756258,0.0,1,normal,test
normal/01022_normal.png,162.54007694646103,100.19839482508762,52.37537820605032,52.37537820605032,0.0,1,normal,test
normal/01342_normal.png,551.9558858996161,131.21438108074062,23.305818965135437,23.305818965135437,0.0,1,normal,test
normal/00435_normal.png,407.26314318131773,250.9316651210965,27.431608454061696,27.431608454061696,0.0,1,normal,test
normal/00644_normal.png,573.9461027084938,207.75057853973792,53.93404619642766,53.93404619642766,0.0,1,normal,test
normal/01470_normal.png,544.963734675526,242.34411006587746,36.07086900015342,36.07086900015342,0.0,1,normal,test
noisy/01794_noisy.png,507.53087729418087,196.7491864457541,63.616523097467336,63.616523097467336,-13.457525207937755,1,noisy,test
normal/01161_normal.png,242.6387264700273,325.58016653683205,30.26335066439139,30.26335066439139,0.0,1,normal,test
normal/00432_normal.png,211.13802205676058,251.40841338859335,17.253762011281438,17.253762011281438,0.0,1,normal,test
normal/00135_normal.png,409.01800100985525,337.83756106733665,48.53362572588732,48.53362572588732,0.0,1,normal,test
normal/00548_normal.png,275.5236424264961,95.04291827362336,22.56240067496306,22.56240067496306,0.0,1,normal,test
normal/00821_normal.png,82.51684192746399,336.9437723624948,39.95555469260361,39.95555469260361,0.0,1,normal,test
normal/00646_normal.png,531.5422752772724,405.54675383328475,43.36804550650266,43.36804550650266,0.0,1,normal,test
noisy/01648_noisy.png,308.74551558302363,156.81604996390203,59.30081457066956,59.30081457066956,10.268035671447745,1,noisy,test
background/01982_background.png,320.0,240.0,15.0,15.0,0.0,0,background,test
noisy/01683_noisy.png,247.2163246046427,187.09408648496597,16.933806506019344,16.933806506019344,-9.047804510986236,1,noisy,test
normal/00469_normal.png,461.3223202999917,48.19395599713118,35.84436514649525,35.84436514649525,0.0,1,normal,test
normal/00114_normal.png,423.2202416341355,344.84550771412376,17.505241609058043,17.505241609058043,0.0,1,normal,test
noisy/01589_noisy.png,509.9954478768378,248.99019302970962,45.769329217580975,45.769329217580975,7.966036117987528,1,noisy,test
tilted/01573_tilted.png,539.771797412172,363.55597919279904,71.60388511155197,67.21815279931052,41.695751458524164,1,tilted,test
noisy/01726_noisy.png,252.14826795437864,405.04982320476967,44.82199437953322,44.82199437953322,10.11153783963725,1,noisy,test
normal/00664_normal.png,143.8913949103425,205.01284796237402,20.008700764243358,20.008700764243358,0.0,1,normal,test
normal/01402_normal.png,585.6497565593367,84.65095116006793,26.54800053229674,26.54800053229674,0.0,1,normal,test
normal/00449_normal.png,126.48694476428402,391.12015516229576,30.02294325056995,30.02294325056995,0.0,1,normal,test
normal/01140_normal.png,331.91006348537434,199.3095831521286,28.42596641511394,28.42596641511394,0.0,1,normal,test
normal/01409_normal.png,346.2291042769894,381.7955156846494,50.55089336005867,50.55089336005867,0.0,1,normal,test
normal/01310_normal.png,248.98841088397066,439.6831298376862,39.47949261636411,39.47949261636411,0.0,1,normal,test
normal/00552_normal.png,265.4367403649387,41.33321646176259,24.951231522033034,24.951231522033034,0.0,1,normal,test
normal/00777_normal.png,564.8896300072595,273.95277749483273,17.07898113144946,17.07898113144946,0.0,1,normal,test
normal/00946_normal.png,279.94812564943607,323.42770771632564,48.30474415187995,48.30474415187995,0.0,1,normal,test
normal/00334_normal.png,556.9133378168461,235.38517367962726,46.30096810774843,46.30096810774843,0.0,1,normal,test
background/01994_background.png,320.0,240.0,15.0,15.0,0.0,0,background,test
normal/01493_normal.png,468.03758539269126,242.67963039822132,34.82619002810131,34.82619002810131,0.0,1,normal,test
normal/01093_normal.png,254.6489010086183,238.53578955768168,26.82005383675603,26.82005383675603,0.0,1,normal,test
normal/00350_normal.png,378.5408532926968,295.558175609229,48.326619549593644,48.326619549593644,0.0,1,normal,test
normal/01300_normal.png,168.17442497460968,79.08517043270282,47.792725972973244,47.792725972973244,0.0,1,normal,test
normal/01247_normal.png,488.65581120437764,394.5324661890286,23.894130782040513,23.894130782040513,0.0,1,normal,test
normal/00146_normal.png,44.62150085781607,107.55812618850929,38.45726469749664,38.45726469749664,0.0,1,normal,test
normal/01327_normal.png,342.9507793710262,311.89392274512124,43.193395707725706,43.193395707725706,0.0,1,normal,test
normal/01399_normal.png,367.29678839233327,426.4872280947971,48.13792708744997,48.13792708744997,0.0,1,normal,test
normal/01437_normal.png,487.3155069850059,298.3577499634019,22.269317404583383,22.269317404583383,0.0,1,normal,test
normal/00546_normal.png,238.78800183633885,345.3313419757575,25.12565214501825,25.12565214501825,0.0,1,normal,test
normal/01372_normal.png,139.26030565788392,429.79799742189545,35.30133379631731,35.30133379631731,0.0,1,normal,test
normal/00429_normal.png,308.5163706368258,156.8183894530648,52.96165331668775,52.96165331668775,0.0,1,normal,test
normal/00727_normal.png,98.01847276701456,109.07950381704748,39.575424196020435,39.575424196020435,0.0,1,normal,test
normal/00758_normal.png,510.7296392588114,182.84622541205988,32.07052201915937,32.07052201915937,0.0,1,normal,test
normal/00333_normal.png,165.29264807614868,231.0145493306245,18.606409426369925,18.606409426369925,0.0,1,normal,test
normal/00747_normal.png,88.10143494001917,268.3504044002855,51.0813625942435,51.0813625942435,0.0,1,normal,test
noisy/01708_noisy.png,294.4958208256828,343.4720906062403,64.83662903724961,64.83662903724961,14.630201778193474,1,noisy,test
normal/01301_normal.png,558.2783921625096,60.636046715964795,23.81691442554473,23.81691442554473,0.0,1,normal,test
normal/00928_normal.png,254.25976432208708,81.17983283941369,46.1309374036734,46.1309374036734,0.0,1,normal,test
background/01954_background.png,320.0,240.0,15.0,15.0,0.0,0,background,test
background/01947_background.png,320.0,240.0,15.0,15.0,0.0,0,background,test
normal/00206_normal.png,239.45360542016823,274.6698069745563,43.17351435877073,43.17351435877073,0.0,1,normal,test
noisy/01774_noisy.png,387.95627837591223,289.5230905542936,49.12299804281435,68.82950879005244,14.50283558902553,1,noisy,test
background/01978_background.png,320.0,240.0,15.0,15.0,0.0,0,background,test
noisy/01751_noisy.png,490.22872833038343,255.58883712977988,54.41477771993295,37.68047603423069,-6.786532596885623,1,noisy,test
normal/00163_normal.png,425.9232327814077,264.7901668222345,49.3900965445069,49.3900965445069,0.0,1,normal,test
normal/00592_normal.png,452.2535803099022,62.44051951704478,50.51447775938895,50.51447775938895,0.0,1,normal,test
noisy/01583_noisy.png,384.7013397289251,305.03020120594687,60.33407888969287,60.33407888969287,0.722027180631672,1,noisy,test
normal/00466_normal.png,462.24424923396975,375.5637006881107,50.137519800559424,50.137519800559424,0.0,1,normal,test
normal/01354_normal.png,558.0106725926505,324.032899236671,46.6284237649474,46.6284237649474,0.0,1,normal,test
normal/00093_normal.png,240.86764051857074,171.24530093992664,20.02526282325117,20.02526282325117,0.0,1,normal,test
normal/00142_normal.png,57.5914489307091,58.38175713969701,36.260624070946264,36.260624070946264,0.0,1,normal,test
normal/01442_normal.png,206.52089411523207,391.586561409227,21.277239856601845,21.277239856601845,0.0,1,normal,test
normal/00393_normal.png,190.52013359442907,199.21069449457698,24.482120326306372,24.482120326306372,0.0,1,normal,test
normal/01182_normal.png,504.0190102511989,227.7093692072211,27.828996760245907,27.828996760245907,0.0,1,normal,test
normal/00740_normal.png,452.8775394066017,364.9763010315796,15.258895449864573,15.258895449864573,0.0,1,normal,test
noisy/01764_noisy.png,383.7873843953013,223.35684697021554,22.808406398164333,24.9076449343622,5.5380663131089065,1,noisy,test
noisy/01813_noisy.png,367.6591971474283,201.3772085886669,62.18637632658126,62.18637632658126,11.00925472606015,1,noisy,test
normal/01266_normal.png,296.6817213882627,301.6859522821657,46.775342765750395,46.775342765750395,0.0,1,normal,test
normal/01287_normal.png,161.90144127318183,76.47600349506446,28.823657548611955,28.823657548611955,0.0,1,normal,test
noisy/01698_noisy.png,363.4637771174668,411.0655248888081,52.67855036774089,52.67855036774089,-13.193837063119675,1,noisy,test
normal/00600_normal.png,161.16360681495442,194.4982870384923,49.21161785706868,49.21161785706868,0.0,1,normal,test
normal/01130_normal.png,181.81351717970247,318.77810787530973,53.99647628241052,53.99647628241052,0.0,1,normal,test
normal/00161_normal.png,562.3840025953845,114.4510354472641,38.93181170644741,38.93181170644741,0.0,1,normal,test
normal/00775_normal.png,266.8482857868981,373.8279621016418,40.107765962026036,40.107765962026036,0.0,1,normal,test
background/01888_background.png,320.0,240.0,15.0,15.0,0.0,0,background,test
normal/00255_normal.png,463.73706109220467,256.7316937623274,42.372548488325634,42.372548488325634,0.0,1,normal,test
normal/01098_normal.png,557.6928597559014,185.281417206167,35.02982685945575,35.02982685945575,0.0,1,normal,test
normal/00940_normal.png,549.0728340623134,116.54114104182015,46.80869224188841,46.80869224188841,0.0,1,normal,test
normal/01494_normal.png,341.73101998915894,424.31683336123973,50.134299274899455,50.134299274899455,0.0,1,normal,test
normal/00088_normal.png,431.4664263299572,405.4052448275633,34.830347285364354,34.830347285364354,0.0,1,normal,test
noisy/01652_noisy.png,502.4904550768791,387.32127668495013,50.46376726617074,50.46376726617074,-1.3170782603127922,1,noisy,test
normal/00541_normal.png,379.4113975644302,353.22802462277315,42.1329256807018,42.1329256807018,0.0,1,normal,test
normal/01236_normal.png,104.00036386959412,181.10700481752545,15.000747634837222,15.000747634837222,0.0,1,normal,test
normal/00704_normal.png,483.73500994366117,54.65056078385687,16.89264674968672,16.89264674968672,0.0,1,normal,test
noisy/01735_noisy.png,165.75803910064923,154.33555291527435,30.86273640724807,30.86273640724807,-10.579507776610043,1,noisy,test
normal/00735_normal.png,532.3367600176382,303.34096972859766,39.42171246849469,39.42171246849469,0.0,1,normal,test
normal/00198_normal.png,193.65421379915597,294.5714655947858,40.86330833224228,40.86330833224228,0.0,1,normal,test
normal/00778_normal.png,148.92612442142223,298.54382321683653,33.93552358308105,33.93552358308105,0.0,1,normal,test
normal/00189_normal.png,58.99200530070375,180.70254804277852,17.91996630544592,17.91996630544592,0.0,1,normal,test
background/01990_background.png,320.0,240.0,15.0,15.0,0.0,0,background,test
normal/00689_normal.png,528.3350997214538,49.91338456636996,41.91736429355224,41.91736429355224,0.0,1,normal,test
tilted/01563_tilted.png,425.89291971778107,54.882279652796626,71.5498974622356,56.01861585312861,160.72414517596582,1,tilted,test
normal/00440_normal.png,558.5569593903155,320.1514612073839,17.84603552810708,17.84603552810708,0.0,1,normal,test
normal/00318_normal.png,233.76088279788553,267.68004659314465,27.221803341381076,27.221803341381076,0.0,1,normal,test
background/01964_background.png,320.0,240.0,15.0,15.0,0.0,0,background,test
normal/00696_normal.png,105.80799099412347,282.206787191486,37.499664471584346,37.499664471584346,0.0,1,normal,test
normal/00865_normal.png,185.69429372526054,104.82383462497113,47.811153069895376,47.811153069895376,0.0,1,normal,test
normal/01429_normal.png,75.60792591433346,353.6706801220737,42.539506872320615,42.539506872320615,0.0,1,normal,test
normal/00326_normal.png,517.0998090050039,49.918450805735326,25.23953289753981,25.23953289753981,0.0,1,normal,test
noisy/01650_noisy.png,534.7690874232978,110.90837828098779,61.998917122514456,66.25630625592842,4.8891334415635335,1,noisy,test
tilted/01554_tilted.png,308.2636083129577,84.97774760147549,45.35487502423707,29.960934101345412,105.54820158983672,1,tilted,test
normal/00013_normal.png,457.4169116800427,45.29359066387052,33.853363293557386,33.853363293557386,0.0,1,normal,test
noisy/01780_noisy.png,531.2378729268573,258.75513650457174,67.97899358749302,67.97899358749302,13.240963472411458,1,noisy,test
noisy/01657_noisy.png,598.8625930826034,203.88174949260153,49.512876773163086,49.512876773163086,-14.113341066962827,1,noisy,test
normal/00569_normal.png,64.77297267168578,95.37908399715117,23.898549312496293,23.898549312496293,0.0,1,normal,test
normal/01206_normal.png,489.5016699527497,83.65929849402565,39.29073201642127,39.29073201642127,0.0,1,normal,test
normal/00919_normal.png,563.9629228053324,438.1389869252081,26.193641042494804,26.193641042494804,0.0,1,normal,test
normal/00451_normal.png,224.01645744943528,284.4439053036453,26.642085985789507,26.642085985789507,0.0,1,normal,test
normal/00859_normal.png,434.2458688744981,245.7823956503816,39.49731489501586,39.49731489501586,0.0,1,normal,test
background/01986_background.png,320.0,240.0,15.0,15.0,0.0,0,background,test
normal/01436_normal.png,266.32176196542895,150.49822686645615,32.03212819728049,32.03212819728049,0.0,1,normal,test
normal/01330_normal.png,516.7429843343009,125.06768502847528,31.540932972286868,31.540932972286868,0.0,1,normal,test
normal/01466_normal.png,461.26000428728736,426.1523203407818,49.21891380143569,49.21891380143569,0.0,1,normal,test
normal/00407_normal.png,142.1336710267695,201.71818803914545,47.438522833659235,47.438522833659235,0.0,1,normal,test
normal/01149_normal.png,198.44931251674802,400.9163089128734,31.260914295322017,31.260914295322017,0.0,1,normal,test
normal/00054_normal.png,82.27053417310456,132.18993234958066,38.59872632131105,38.59872632131105,0.0,1,normal,test
normal/01232_normal.png,559.5001570855688,186.77975783000824,19.635659850406352,19.635659850406352,0.0,1,normal,test
normal/01034_normal.png,245.67312305893563,149.82494665615783,29.922479186355936,29.922479186355936,0.0,1,normal,test
normal/00476_normal.png,584.2123657697808,356.0256697569592,36.90021146469917,36.90021146469917,0.0,1,normal,test
normal/00447_normal.png,416.05966098648906,162.7114877273686,35.564922783396625,35.564922783396625,0.0,1,normal,test
normal/00191_normal.png,276.3102655813358,130.57964654732248,39.23489746895845,39.23489746895845,0.0,1,normal,test
normal/00061_normal.png,98.78190449613031,413.52179693181114,46.10947026593635,46.10947026593635,0.0,1,normal,test
normal/00065_normal.png,89.14790393943933,257.61671815311354,46.4679018172682,46.4679018172682,0.0,1,normal,test
normal/00864_normal.png,89.39392632790896,428.2410352290157,28.49700616419895,28.49700616419895,0.0,1,normal,test
normal/01209_normal.png,101.01721961024174,57.66103210365224,46.15219818987235,46.15219818987235,0.0,1,normal,test
normal/00178_normal.png,149.72954087134383,391.6711401547912,35.94267597695648,35.94267597695648,0.0,1,normal,test
normal/01116_normal.png,341.25731660883457,309.1097624363411,22.400611029182294,22.400611029182294,0.0,1,normal,test
background/01827_background.png,320.0,240.0,15.0,15.0,0.0,0,background,test
tilted/01516_tilted.png,340.50840039584085,289.61401206876815,74.5114761890811,62.007856988969706,92.17893370964624,1,tilted,test
normal/01385_normal.png,165.07197866661267,319.70656299009454,53.060561671926365,53.060561671926365,0.0,1,normal,test
normal/00209_normal.png,208.8511515647796,216.67263162278593,25.163808057215583,25.163808057215583,0.0,1,normal,test
tilted/01508_tilted.png,310.8797591972341,370.95884961816,58.274288252479145,36.56736599107991,29.09974457432396,1,tilted,test
normal/00285_normal.png,285.65939249913,318.87263622321484,27.778914213418485,27.778914213418485,0.0,1,normal,test
normal/00457_normal.png,52.77035919458508,196.13940423376218,46.7164646008022,46.7164646008022,0.0,1,normal,test
normal/00501_normal.png,500.94239219908087,220.79324934686852,29.041356240845463,29.041356240845463,0.0,1,normal,test
normal/00563_normal.png,223.54199141089254,261.5607344112568,24.697230765672224,24.697230765672224,0.0,1,normal,test
tilted/01518_tilted.png,207.0620117563234,210.27447451685708,21.532654746153554,85.69992596728902,82.24237210054204,1,tilted,test
normal/00051_normal.png,262.60382460735406,102.94147579124552,50.18022652213666,50.18022652213666,0.0,1,normal,test
normal/00228_normal.png,385.10213725178227,207.57555131412425,25.969222039053108,25.969222039053108,0.0,1,normal,test
normal/01309_normal.png,61.01753856196262,161.24017902978275,46.20978162408302,46.20978162408302,0.0,1,normal,test
